approved_at_utc,subreddit,selftext,author_fullname,saved,mod_reason_title,gilded,clicked,is_gallery,title,link_flair_richtext,subreddit_name_prefixed,hidden,pwls,link_flair_css_class,downs,thumbnail_height,top_awarded_type,hide_score,media_metadata,name,quarantine,link_flair_text_color,upvote_ratio,author_flair_background_color,subreddit_type,ups,total_awards_received,media_embed,thumbnail_width,author_flair_template_id,is_original_content,user_reports,secure_media,is_reddit_media_domain,is_meta,category,secure_media_embed,gallery_data,link_flair_text,can_mod_post,score,approved_by,author_premium,thumbnail,edited,author_flair_css_class,author_flair_richtext,gildings,content_categories,is_self,mod_note,created,link_flair_type,wls,removed_by_category,banned_by,author_flair_type,domain,allow_live_comments,selftext_html,likes,suggested_sort,banned_at_utc,url_overridden_by_dest,view_count,archived,no_follow,is_crosspostable,pinned,over_18,all_awardings,awarders,media_only,can_gild,spoiler,locked,author_flair_text,treatment_tags,visited,removed_by,num_reports,distinguished,subreddit_id,mod_reason_by,removal_reason,link_flair_background_color,id,is_robot_indexable,report_reasons,author,discussion_type,num_comments,send_replies,whitelist_status,contest_mode,mod_reports,author_patreon_flair,author_flair_text_color,permalink,parent_whitelist_status,stickied,url,subreddit_subscribers,created_utc,num_crossposts,media,is_video,post_hint,preview,link_flair_template_id,crosspost_parent_list,crosspost_parent
,Kayaking,,t2_8et28d6z,False,,0,False,True,[Author] My solo kayak trip in -18 a few weeks ago. Managed to paddle 40 out of 60 km!!,[],r/Kayaking,False,6,,0,105.0,,False,"{'d91cr4midg161': {'status': 'valid', 'e': 'Image', 'm': 'image/jpg', 'p': [{'y': 81, 'x': 108, 'u': 'https://preview.redd.it/d91cr4midg161.jpg?width=108&amp;crop=smart&amp;auto=webp&amp;s=4f764a1cbb5572f3c4973d3cd3ad50dc92b49b3b'}, {'y': 162, 'x': 216, 'u': 'https://preview.redd.it/d91cr4midg161.jpg?width=216&amp;crop=smart&amp;auto=webp&amp;s=98ca11fb3da478462d250fea263bad0e1f6d4fc3'}, {'y': 240, 'x': 320, 'u': 'https://preview.redd.it/d91cr4midg161.jpg?width=320&amp;crop=smart&amp;auto=webp&amp;s=658c21713d6a9f7ee27c227aed69a7b7ad1df14a'}, {'y': 480, 'x': 640, 'u': 'https://preview.redd.it/d91cr4midg161.jpg?width=640&amp;crop=smart&amp;auto=webp&amp;s=05f1da217a3d26ff47345e8ee286b6cf027cee85'}, {'y': 720, 'x': 960, 'u': 'https://preview.redd.it/d91cr4midg161.jpg?width=960&amp;crop=smart&amp;auto=webp&amp;s=539a7bc1ea9ea1a145ab0e8456db1dd68c9d207e'}, {'y': 810, 'x': 1080, 'u': 'https://preview.redd.it/d91cr4midg161.jpg?width=1080&amp;crop=smart&amp;auto=webp&amp;s=eb7af4822e3dd44ea53199242192676a6af377d0'}], 's': {'y': 2736, 'x': 3648, 'u': 'https://preview.redd.it/d91cr4midg161.jpg?width=3648&amp;format=pjpg&amp;auto=webp&amp;s=36f1c9c6fa0933ed51cf6179ed9b32730740b019'}, 'id': 'd91cr4midg161'}, 'd4t4r3midg161': {'status': 'valid', 'e': 'Image', 'm': 'image/jpg', 'p': [{'y': 81, 'x': 108, 'u': 'https://preview.redd.it/d4t4r3midg161.jpg?width=108&amp;crop=smart&amp;auto=webp&amp;s=58a88b8e359c4387badcbc78ba97d416dc50b4d0'}, {'y': 162, 'x': 216, 'u': 'https://preview.redd.it/d4t4r3midg161.jpg?width=216&amp;crop=smart&amp;auto=webp&amp;s=66d67fea7f8ce4cc8a9faa0119f18f86e26c28ee'}, {'y': 240, 'x': 320, 'u': 'https://preview.redd.it/d4t4r3midg161.jpg?width=320&amp;crop=smart&amp;auto=webp&amp;s=21ad4a4f02086d70a10a4a2b57f8c9e80874cd26'}, {'y': 480, 'x': 640, 'u': 'https://preview.redd.it/d4t4r3midg161.jpg?width=640&amp;crop=smart&amp;auto=webp&amp;s=28c4bb05f0136ce17ced8c770094625e8cf389cd'}, {'y': 720, 'x': 960, 'u': 'https://preview.redd.it/d4t4r3midg161.jpg?width=960&amp;crop=smart&amp;auto=webp&amp;s=97d020c7b1633caecaaa27beb91aa39cd777c5a9'}, {'y': 810, 'x': 1080, 'u': 'https://preview.redd.it/d4t4r3midg161.jpg?width=1080&amp;crop=smart&amp;auto=webp&amp;s=c0df2492c4fd269f5b73dd32f00537a9097f6377'}], 's': {'y': 2736, 'x': 3648, 'u': 'https://preview.redd.it/d4t4r3midg161.jpg?width=3648&amp;format=pjpg&amp;auto=webp&amp;s=e1ba8ba495187d77a7b42f9c4275624ac9a98490'}, 'id': 'd4t4r3midg161'}}",t3_k1153z,False,dark,0.99,,public,148,0,{},140.0,,False,[],,False,False,,{},"{'items': [{'media_id': 'd91cr4midg161', 'id': 14432886}, {'media_id': 'd4t4r3midg161', 'id': 14432887}]}",,False,148,,False,https://b.thumbs.redditmedia.com/BrlcQ-eVttT1veaEpFq11XujWbL3q2tniWbzCqyF8CI.jpg,False,,[],{},,False,,1606367961.0,text,6,,,text,reddit.com,False,,,,,https://www.reddit.com/gallery/k1153z,,False,False,False,False,False,[],[],False,False,False,False,,[],False,,,,t5_2rbz0,,,,k1153z,True,,MyCrazyLifeAdventure,,6,True,all_ads,False,[],False,,/r/Kayaking/comments/k1153z/author_my_solo_kayak_trip_in_18_a_few_weeks_ago/,all_ads,False,https://www.reddit.com/gallery/k1153z,75417,1606339161.0,0,,False,,,,,
,Kayaking,,t2_v2jo5,False,,0,False,,Needing to pack a snow brush,[],r/Kayaking,False,6,porn,0,105.0,,False,,t3_k0tb2r,False,dark,1.0,,public,260,0,{},140.0,,False,[],,True,False,,{},,Paddle Porn,False,260,,False,https://b.thumbs.redditmedia.com/g9PUAm2pNwAWqiSylTn_WvqJDdPmhefTTmtjh0bZFIM.jpg,False,,[],{},,False,,1606343957.0,text,6,,,text,i.redd.it,False,,,,,https://i.redd.it/08wnqxl0ee161.jpg,,False,False,False,False,False,[],[],False,False,False,False,,[],False,,,,t5_2rbz0,,,,k0tb2r,True,,omg_my_legs_hurt,,14,True,all_ads,False,[],False,,/r/Kayaking/comments/k0tb2r/needing_to_pack_a_snow_brush/,all_ads,False,https://i.redd.it/08wnqxl0ee161.jpg,75417,1606315157.0,0,,False,image,"{'images': [{'source': {'url': 'https://preview.redd.it/08wnqxl0ee161.jpg?auto=webp&amp;s=ff856bc4fd0a173643589a680d8216e3bad97558', 'width': 1613, 'height': 1210}, 'resolutions': [{'url': 'https://preview.redd.it/08wnqxl0ee161.jpg?width=108&amp;crop=smart&amp;auto=webp&amp;s=e44b2d3fcf779aad6d933fce3653abad18b73b4b', 'width': 108, 'height': 81}, {'url': 'https://preview.redd.it/08wnqxl0ee161.jpg?width=216&amp;crop=smart&amp;auto=webp&amp;s=8cfa5245a8415624be1089cc234de192ac7b63e7', 'width': 216, 'height': 162}, {'url': 'https://preview.redd.it/08wnqxl0ee161.jpg?width=320&amp;crop=smart&amp;auto=webp&amp;s=167942c10ea7ce556b6a2b0b67b6c8143e09d8da', 'width': 320, 'height': 240}, {'url': 'https://preview.redd.it/08wnqxl0ee161.jpg?width=640&amp;crop=smart&amp;auto=webp&amp;s=96c3e14b156245664a72f9a745c26346dcd37718', 'width': 640, 'height': 480}, {'url': 'https://preview.redd.it/08wnqxl0ee161.jpg?width=960&amp;crop=smart&amp;auto=webp&amp;s=c7fe1c98d85bfe0d9a9a5e2412b0d5c30577b31c', 'width': 960, 'height': 720}, {'url': 'https://preview.redd.it/08wnqxl0ee161.jpg?width=1080&amp;crop=smart&amp;auto=webp&amp;s=fc43f3cc018999f664be3704e0edcc4de490f254', 'width': 1080, 'height': 810}], 'variants': {}, 'id': 'PKyrvYVbc4ygfKr0gyP-5_5vhbVPUfvs3x5w4yIyl9E'}], 'enabled': True}",90773748-b7db-11e3-aba5-12313d056a4d,,
,Kayaking,,t2_ehaja,False,,0,False,,Mid November glacier paddle,[],r/Kayaking,False,6,,0,105.0,,False,,t3_k0mmkx,False,dark,1.0,,public,205,1,{},140.0,,False,[],,True,False,,{},,,False,205,,False,https://a.thumbs.redditmedia.com/j-qwHDzEyAbx8YGFHF2Q7Nr-bePXvk7jwDK7U-3tQ-8.jpg,False,,[],{},,False,,1606313693.0,text,6,,,text,i.redd.it,False,,,,,https://i.redd.it/78r6jdr5wb161.jpg,,False,False,False,False,False,"[{'giver_coin_reward': None, 'subreddit_id': None, 'is_new': False, 'days_of_drip_extension': 0, 'coin_price': 300, 'id': 'award_28e8196b-d4e9-45bc-b612-cd4c7d3ed4b3', 'penny_donate': None, 'award_sub_type': 'GLOBAL', 'coin_reward': 0, 'icon_url': 'https://i.redd.it/award_images/t5_22cerq/94pn64yuas941_RocketLike.png', 'days_of_premium': 0, 'tiers_by_required_awardings': None, 'resized_icons': [{'url': 'https://preview.redd.it/award_images/t5_22cerq/94pn64yuas941_RocketLike.png?width=16&amp;height=16&amp;auto=webp&amp;s=c1400eb6ea235d0c96c3aa6e271c71d7f339cbd4', 'width': 16, 'height': 16}, {'url': 'https://preview.redd.it/award_images/t5_22cerq/94pn64yuas941_RocketLike.png?width=32&amp;height=32&amp;auto=webp&amp;s=77ad345b2f9b062140e028764394594326771a17', 'width': 32, 'height': 32}, {'url': 'https://preview.redd.it/award_images/t5_22cerq/94pn64yuas941_RocketLike.png?width=48&amp;height=48&amp;auto=webp&amp;s=5b5211166e4b260311ad9f3ea31d3b815110769c', 'width': 48, 'height': 48}, {'url': 'https://preview.redd.it/award_images/t5_22cerq/94pn64yuas941_RocketLike.png?width=64&amp;height=64&amp;auto=webp&amp;s=bf3a2c642ad50547087d770c65c29777970d3af3', 'width': 64, 'height': 64}, {'url': 'https://preview.redd.it/award_images/t5_22cerq/94pn64yuas941_RocketLike.png?width=128&amp;height=128&amp;auto=webp&amp;s=eae06d6a70c62c78dc66cb14f2a84651cb822cc4', 'width': 128, 'height': 128}], 'icon_width': 2048, 'static_icon_width': 2048, 'start_date': None, 'is_enabled': True, 'awardings_required_to_grant_benefits': None, 'description': ""When an upvote just isn't enough, smash the Rocket Like."", 'end_date': None, 'subreddit_coin_reward': 0, 'count': 1, 'static_icon_height': 2048, 'name': 'Rocket Like', 'resized_static_icons': [{'url': 'https://preview.redd.it/award_images/t5_22cerq/94pn64yuas941_RocketLike.png?width=16&amp;height=16&amp;auto=webp&amp;s=c1400eb6ea235d0c96c3aa6e271c71d7f339cbd4', 'width': 16, 'height': 16}, {'url': 'https://preview.redd.it/award_images/t5_22cerq/94pn64yuas941_RocketLike.png?width=32&amp;height=32&amp;auto=webp&amp;s=77ad345b2f9b062140e028764394594326771a17', 'width': 32, 'height': 32}, {'url': 'https://preview.redd.it/award_images/t5_22cerq/94pn64yuas941_RocketLike.png?width=48&amp;height=48&amp;auto=webp&amp;s=5b5211166e4b260311ad9f3ea31d3b815110769c', 'width': 48, 'height': 48}, {'url': 'https://preview.redd.it/award_images/t5_22cerq/94pn64yuas941_RocketLike.png?width=64&amp;height=64&amp;auto=webp&amp;s=bf3a2c642ad50547087d770c65c29777970d3af3', 'width': 64, 'height': 64}, {'url': 'https://preview.redd.it/award_images/t5_22cerq/94pn64yuas941_RocketLike.png?width=128&amp;height=128&amp;auto=webp&amp;s=eae06d6a70c62c78dc66cb14f2a84651cb822cc4', 'width': 128, 'height': 128}], 'icon_format': None, 'icon_height': 2048, 'penny_price': None, 'award_type': 'global', 'static_icon_url': 'https://i.redd.it/award_images/t5_22cerq/94pn64yuas941_RocketLike.png'}]",[],False,False,False,False,,[],False,,,,t5_2rbz0,,,,k0mmkx,True,,alias9901,,10,True,all_ads,False,[],False,,/r/Kayaking/comments/k0mmkx/mid_november_glacier_paddle/,all_ads,False,https://i.redd.it/78r6jdr5wb161.jpg,75417,1606284893.0,0,,False,image,"{'images': [{'source': {'url': 'https://preview.redd.it/78r6jdr5wb161.jpg?auto=webp&amp;s=50c97081b637d02173ae04d481e80274bf268840', 'width': 1000, 'height': 750}, 'resolutions': [{'url': 'https://preview.redd.it/78r6jdr5wb161.jpg?width=108&amp;crop=smart&amp;auto=webp&amp;s=a6ec99fd8f4a4347f4549c183e81b74bfeb4c136', 'width': 108, 'height': 81}, {'url': 'https://preview.redd.it/78r6jdr5wb161.jpg?width=216&amp;crop=smart&amp;auto=webp&amp;s=012868f23839078bb3f8c55044cdfdca9be846b2', 'width': 216, 'height': 162}, {'url': 'https://preview.redd.it/78r6jdr5wb161.jpg?width=320&amp;crop=smart&amp;auto=webp&amp;s=b2b0cb790448396b689d6db4ddab8bdc8aca80b6', 'width': 320, 'height': 240}, {'url': 'https://preview.redd.it/78r6jdr5wb161.jpg?width=640&amp;crop=smart&amp;auto=webp&amp;s=f42eeaa936dc6888f23b69eb8fab3dbde715bd56', 'width': 640, 'height': 480}, {'url': 'https://preview.redd.it/78r6jdr5wb161.jpg?width=960&amp;crop=smart&amp;auto=webp&amp;s=c469c13d789ce4742619340583bd8955e0552b0b', 'width': 960, 'height': 720}], 'variants': {}, 'id': 'pa30hbEflS5aFiXky81hSM3D7rj6CpKEiFaG0Q2X71s'}], 'enabled': True}",,,
,Kayaking,,t2_8tecgqz2,False,,0,False,True,I have been looking for some time for a way to make it easier and more secure to fasten a kayak to the top of my vehicle. I finally found these Malone folding J racks that will do just the trick and also allow me to pull my vehicle into the garage without removing them. #ReeceLifeDadLife,[],r/Kayaking,False,6,,0,,,False,"{'875z346xii161': {'status': 'valid', 'e': 'Image', 'm': 'image/jpg', 'p': [{'y': 81, 'x': 108, 'u': 'https://preview.redd.it/875z346xii161.jpg?width=108&amp;crop=smart&amp;auto=webp&amp;s=5eef5bf5a9344c847ec3c48dfb5b1d911aa7d2bf'}, {'y': 162, 'x': 216, 'u': 'https://preview.redd.it/875z346xii161.jpg?width=216&amp;crop=smart&amp;auto=webp&amp;s=6359b468566c8c0accda935c6807973bfc5fa234'}, {'y': 240, 'x': 320, 'u': 'https://preview.redd.it/875z346xii161.jpg?width=320&amp;crop=smart&amp;auto=webp&amp;s=c6198fae6fd74b05a3e9bb4e395c06fcd37dbe81'}, {'y': 480, 'x': 640, 'u': 'https://preview.redd.it/875z346xii161.jpg?width=640&amp;crop=smart&amp;auto=webp&amp;s=f4a9f52baf99f74dd2601c8adc1eb1448df9ebb1'}, {'y': 720, 'x': 960, 'u': 'https://preview.redd.it/875z346xii161.jpg?width=960&amp;crop=smart&amp;auto=webp&amp;s=a1a36557cfb3eecf45bb13736aa9e9cf134427a5'}, {'y': 810, 'x': 1080, 'u': 'https://preview.redd.it/875z346xii161.jpg?width=1080&amp;crop=smart&amp;auto=webp&amp;s=a11f90c226c0c9ce8da029a7bc13d6d8f1ddeb5c'}], 's': {'y': 3096, 'x': 4128, 'u': 'https://preview.redd.it/875z346xii161.jpg?width=4128&amp;format=pjpg&amp;auto=webp&amp;s=da5d5bad7183f471cbb32a57defbcc212dca9704'}, 'id': '875z346xii161'}, 'gr7nnnbxii161': {'status': 'valid', 'e': 'Image', 'm': 'image/jpg', 'p': [{'y': 81, 'x': 108, 'u': 'https://preview.redd.it/gr7nnnbxii161.jpg?width=108&amp;crop=smart&amp;auto=webp&amp;s=77e5353f7ccd7f01f3853d156433e8539e31f873'}, {'y': 162, 'x': 216, 'u': 'https://preview.redd.it/gr7nnnbxii161.jpg?width=216&amp;crop=smart&amp;auto=webp&amp;s=e4079de370f28fd19915957592db38baa285ff5b'}, {'y': 240, 'x': 320, 'u': 'https://preview.redd.it/gr7nnnbxii161.jpg?width=320&amp;crop=smart&amp;auto=webp&amp;s=28241e513f1255ac50612a0f21c42d62388eb4ce'}, {'y': 480, 'x': 640, 'u': 'https://preview.redd.it/gr7nnnbxii161.jpg?width=640&amp;crop=smart&amp;auto=webp&amp;s=603bb950b1a3cc68c935c41cc4968e9e4c4fdaf3'}, {'y': 720, 'x': 960, 'u': 'https://preview.redd.it/gr7nnnbxii161.jpg?width=960&amp;crop=smart&amp;auto=webp&amp;s=4ea73a502de25dfeaf7ad1787954010590a48eeb'}, {'y': 810, 'x': 1080, 'u': 'https://preview.redd.it/gr7nnnbxii161.jpg?width=1080&amp;crop=smart&amp;auto=webp&amp;s=cb581daeb522d40ecd8dbfcddbe361a91d658dce'}], 's': {'y': 3096, 'x': 4128, 'u': 'https://preview.redd.it/gr7nnnbxii161.jpg?width=4128&amp;format=pjpg&amp;auto=webp&amp;s=ab3623f3ce60ca0dc697d7722cc8a2c897037cf3'}, 'id': 'gr7nnnbxii161'}}",t3_k18e1c,False,dark,0.81,,public,3,0,{},,,False,[],,False,False,,{},"{'items': [{'media_id': '875z346xii161', 'id': 14479123}, {'media_id': 'gr7nnnbxii161', 'id': 14479124}]}",,False,3,,False,default,False,,[],{},,False,,1606393990.0,text,6,,,text,reddit.com,False,,,,,https://www.reddit.com/gallery/k18e1c,,False,True,False,False,False,[],[],False,False,False,False,,[],False,,,,t5_2rbz0,,,,k18e1c,True,,mwlautzenheiser,,0,True,all_ads,False,[],False,,/r/Kayaking/comments/k18e1c/i_have_been_looking_for_some_time_for_a_way_to/,all_ads,False,https://www.reddit.com/gallery/k18e1c,75417,1606365190.0,2,,False,,,,,
,Kayaking,,t2_7at1jj01,False,,0,False,,Peace on the Isle of Wight üß°,[],r/Kayaking,False,6,,0,105.0,,False,,t3_k0ysbz,False,dark,0.88,,public,11,0,{},140.0,,False,[],,True,False,,{},,,False,11,,False,https://b.thumbs.redditmedia.com/LP1arElQGTaieFu8aCHsicVrSqM6IBl1lYBHPaRKw7A.jpg,False,,[],{},,False,,1606360697.0,text,6,,,text,i.redd.it,False,,,,,https://i.redd.it/hp1p543xrf161.jpg,,False,False,False,False,False,[],[],False,False,False,False,,[],False,,,,t5_2rbz0,,,,k0ysbz,True,,TheBrittonBookGeek,,1,True,all_ads,False,[],False,,/r/Kayaking/comments/k0ysbz/peace_on_the_isle_of_wight/,all_ads,False,https://i.redd.it/hp1p543xrf161.jpg,75417,1606331897.0,0,,False,image,"{'images': [{'source': {'url': 'https://preview.redd.it/hp1p543xrf161.jpg?auto=webp&amp;s=83bce8342bc7962903aeb8cf526d27891b98011d', 'width': 4032, 'height': 3024}, 'resolutions': [{'url': 'https://preview.redd.it/hp1p543xrf161.jpg?width=108&amp;crop=smart&amp;auto=webp&amp;s=eaa2542e48aa4b0a9142eb2e266b0c8c5b6660cc', 'width': 108, 'height': 81}, {'url': 'https://preview.redd.it/hp1p543xrf161.jpg?width=216&amp;crop=smart&amp;auto=webp&amp;s=f8bc5ea9aa0cde00aab98facd11a4fe101aaaf04', 'width': 216, 'height': 162}, {'url': 'https://preview.redd.it/hp1p543xrf161.jpg?width=320&amp;crop=smart&amp;auto=webp&amp;s=75fcf72681ca6e0ee56a45ea1cc5480c75da94a9', 'width': 320, 'height': 240}, {'url': 'https://preview.redd.it/hp1p543xrf161.jpg?width=640&amp;crop=smart&amp;auto=webp&amp;s=620232546e4517fb9ecb16f9cbd99218a9dd1c17', 'width': 640, 'height': 480}, {'url': 'https://preview.redd.it/hp1p543xrf161.jpg?width=960&amp;crop=smart&amp;auto=webp&amp;s=b2bb1d9959ca7d0f54d4b98740cad9322a0c609b', 'width': 960, 'height': 720}, {'url': 'https://preview.redd.it/hp1p543xrf161.jpg?width=1080&amp;crop=smart&amp;auto=webp&amp;s=be4cd6dea83747275273333849001f6f81f734d6', 'width': 1080, 'height': 810}], 'variants': {}, 'id': 'cUZ4DJgevfQw7-zqLrgcvcU6LQWAZd1oqKIDcNeIQt8'}], 'enabled': True}",,,
,Kayaking,"I'm 6'3 and about 240lbs and plan on using it for fishing. I've considered getting a pedal drive kayak but I think those are too far out of my budget. Are there any good starter yaks for $500? Or do you guys know of any sales going on. I live in the U.S. in Texas. I may get a tandem Kayak that way I can bring my wife along, how manageable is that if I were to go solo? Thanks ahead of time.",t2_11m7xz,False,,0,False,,Looking to get an entry level kayak. Please help!,[],r/Kayaking,False,6,,0,,,True,,t3_k1a4ny,False,dark,1.0,,public,1,0,{},,,False,[],,False,False,,{},,,False,1,,False,self,1606372904.0,,[],{},,True,,1606401381.0,text,6,,,text,self.Kayaking,False,"&lt;!-- SC_OFF --&gt;&lt;div class=""md""&gt;&lt;p&gt;I&amp;#39;m 6&amp;#39;3 and about 240lbs and plan on using it for fishing. I&amp;#39;ve considered getting a pedal drive kayak but I think those are too far out of my budget. Are there any good starter yaks for $500? Or do you guys know of any sales going on. I live in the U.S. in Texas. I may get a tandem Kayak that way I can bring my wife along, how manageable is that if I were to go solo? Thanks ahead of time.&lt;/p&gt;
&lt;/div&gt;&lt;!-- SC_ON --&gt;",,,,,,False,True,False,False,False,[],[],False,False,False,False,,[],False,,,,t5_2rbz0,,,,k1a4ny,True,,Palemom,,0,True,all_ads,False,[],False,,/r/Kayaking/comments/k1a4ny/looking_to_get_an_entry_level_kayak_please_help/,all_ads,False,https://www.reddit.com/r/Kayaking/comments/k1a4ny/looking_to_get_an_entry_level_kayak_please_help/,75417,1606372581.0,0,,False,,,,,
,Kayaking,,t2_15ggck,False,,0,False,,Among the grass and cypress in Florida,[],r/Kayaking,False,6,,0,140.0,,False,,t3_k0kml2,False,dark,0.98,,public,92,0,{},140.0,,False,[],"{'reddit_video': {'bitrate_kbps': 4800, 'fallback_url': 'https://v.redd.it/z1gjzyg07b161/DASH_1080.mp4?source=fallback', 'height': 1080, 'width': 573, 'scrubber_media_url': 'https://v.redd.it/z1gjzyg07b161/DASH_96.mp4', 'dash_url': 'https://v.redd.it/z1gjzyg07b161/DASHPlaylist.mpd?a=1608966770%2CYTAxNTExZTg3MjQ4MjgxYjY2YjVhOGQ4NTQwOTFkNGU4N2U1NWMzZGMyYTE3YTA1Zjc5NDg0MjU5NzhmNTI2OA%3D%3D&amp;v=1&amp;f=sd', 'duration': 19, 'hls_url': 'https://v.redd.it/z1gjzyg07b161/HLSPlaylist.m3u8?a=1608966770%2CNjMxNTA2OWFiOTc4YTVhYjU1OTcwYzc0NzU3MmIyZWE2ZWUxODRjZmNmNTU5MTVlZjc4ZDY0YzlmODVjMjg3Zg%3D%3D&amp;v=1&amp;f=sd', 'is_gif': False, 'transcoding_status': 'completed'}}",True,False,,{},,,False,92,,False,https://b.thumbs.redditmedia.com/YqTpqIOdjVbkNB2XIOAUrkk0h-H-GveaTwo88uxuCCE.jpg,False,,[],{},,False,,1606305288.0,text,6,,,text,v.redd.it,False,,,,,https://v.redd.it/z1gjzyg07b161,,False,False,False,False,False,[],[],False,False,False,False,,[],False,,,,t5_2rbz0,,,,k0kml2,True,,simplesoul89,,14,True,all_ads,False,[],False,,/r/Kayaking/comments/k0kml2/among_the_grass_and_cypress_in_florida/,all_ads,False,https://v.redd.it/z1gjzyg07b161,75417,1606276488.0,0,"{'reddit_video': {'bitrate_kbps': 4800, 'fallback_url': 'https://v.redd.it/z1gjzyg07b161/DASH_1080.mp4?source=fallback', 'height': 1080, 'width': 573, 'scrubber_media_url': 'https://v.redd.it/z1gjzyg07b161/DASH_96.mp4', 'dash_url': 'https://v.redd.it/z1gjzyg07b161/DASHPlaylist.mpd?a=1608966770%2CYTAxNTExZTg3MjQ4MjgxYjY2YjVhOGQ4NTQwOTFkNGU4N2U1NWMzZGMyYTE3YTA1Zjc5NDg0MjU5NzhmNTI2OA%3D%3D&amp;v=1&amp;f=sd', 'duration': 19, 'hls_url': 'https://v.redd.it/z1gjzyg07b161/HLSPlaylist.m3u8?a=1608966770%2CNjMxNTA2OWFiOTc4YTVhYjU1OTcwYzc0NzU3MmIyZWE2ZWUxODRjZmNmNTU5MTVlZjc4ZDY0YzlmODVjMjg3Zg%3D%3D&amp;v=1&amp;f=sd', 'is_gif': False, 'transcoding_status': 'completed'}}",True,hosted:video,"{'images': [{'source': {'url': 'https://external-preview.redd.it/-lAOubYLPaygTO91efG07ziNARS3MPw8dtMLNadK-AI.png?format=pjpg&amp;auto=webp&amp;s=7e9a4cb29d7270fa13f2c386e3731694bbebb4a3', 'width': 960, 'height': 1808}, 'resolutions': [{'url': 'https://external-preview.redd.it/-lAOubYLPaygTO91efG07ziNARS3MPw8dtMLNadK-AI.png?width=108&amp;crop=smart&amp;format=pjpg&amp;auto=webp&amp;s=40d1a838af8ce5095959d50c43da98c8965c36fa', 'width': 108, 'height': 203}, {'url': 'https://external-preview.redd.it/-lAOubYLPaygTO91efG07ziNARS3MPw8dtMLNadK-AI.png?width=216&amp;crop=smart&amp;format=pjpg&amp;auto=webp&amp;s=ce348b8e22eb637f2624c99dc1049ddd43e9855b', 'width': 216, 'height': 406}, {'url': 'https://external-preview.redd.it/-lAOubYLPaygTO91efG07ziNARS3MPw8dtMLNadK-AI.png?width=320&amp;crop=smart&amp;format=pjpg&amp;auto=webp&amp;s=d04725159174de69d538b250e69995bca2bb3394', 'width': 320, 'height': 602}, {'url': 'https://external-preview.redd.it/-lAOubYLPaygTO91efG07ziNARS3MPw8dtMLNadK-AI.png?width=640&amp;crop=smart&amp;format=pjpg&amp;auto=webp&amp;s=1c18fae3d2602c76f520e1badb188c610c167641', 'width': 640, 'height': 1205}, {'url': 'https://external-preview.redd.it/-lAOubYLPaygTO91efG07ziNARS3MPw8dtMLNadK-AI.png?width=960&amp;crop=smart&amp;format=pjpg&amp;auto=webp&amp;s=dbe5bc33eabbdd885c927d7bae029e3b18d5a26c', 'width': 960, 'height': 1808}], 'variants': {}, 'id': '1j1x5Bpi2jyBrJ1N16pnK4Bmyf0PmLYxJV1PqMriKpc'}], 'enabled': False}",,,
,Kayaking,"Who here has one or paddled in one?

 I'm looking to purchase one, but a bit wary of my little bit bigger size. I'm 6 foot and 215lb . 

I fit comfortably in my delta 15.5, but am aware that the Valkyrie is about 3 inches less wide.",t2_5h9zrjaf,False,,0,False,,P&amp;H Valkyrie,[],r/Kayaking,False,6,,0,,,False,,t3_k15i93,False,dark,1.0,,public,1,0,{},,,False,[],,False,False,,{},,,False,1,,False,self,False,,[],{},,True,,1606382548.0,text,6,,,text,self.Kayaking,False,"&lt;!-- SC_OFF --&gt;&lt;div class=""md""&gt;&lt;p&gt;Who here has one or paddled in one?&lt;/p&gt;

&lt;p&gt;I&amp;#39;m looking to purchase one, but a bit wary of my little bit bigger size. I&amp;#39;m 6 foot and 215lb . &lt;/p&gt;

&lt;p&gt;I fit comfortably in my delta 15.5, but am aware that the Valkyrie is about 3 inches less wide.&lt;/p&gt;
&lt;/div&gt;&lt;!-- SC_ON --&gt;",,,,,,False,True,False,False,False,[],[],False,False,False,False,,[],False,,,,t5_2rbz0,,,,k15i93,True,,Mosunero,,0,True,all_ads,False,[],False,,/r/Kayaking/comments/k15i93/ph_valkyrie/,all_ads,False,https://www.reddit.com/r/Kayaking/comments/k15i93/ph_valkyrie/,75417,1606353748.0,0,,False,,,,,
,Kayaking,,t2_8tecgqz2,False,,0,False,,"Plains, Trains &amp; Kayaks! Wabash River Kayak Trip With The Bluffton Kayaking and Hiking Club!",[],r/Kayaking,False,6,,0,105.0,,False,,t3_k14p26,False,dark,1.0,,public,1,0,"{'content': '&lt;iframe width=""600"" height=""338"" src=""https://www.youtube.com/embed/D5FDX6IfUyI?feature=oembed&amp;enablejsapi=1"" frameborder=""0"" allow=""accelerometer; autoplay; clipboard-write; encrypted-media; gyroscope; picture-in-picture"" allowfullscreen&gt;&lt;/iframe&gt;', 'width': 600, 'scrolling': False, 'height': 338}",140.0,,False,[],"{'type': 'youtube.com', 'oembed': {'provider_url': 'https://www.youtube.com/', 'version': '1.0', 'title': 'Plains, Trains &amp; Kayaks! Wabash River Kayak Trip With The Bluffton Kayak and Hiking Club', 'type': 'video', 'thumbnail_width': 480, 'height': 338, 'width': 600, 'html': '&lt;iframe width=""600"" height=""338"" src=""https://www.youtube.com/embed/D5FDX6IfUyI?feature=oembed&amp;enablejsapi=1"" frameborder=""0"" allow=""accelerometer; autoplay; clipboard-write; encrypted-media; gyroscope; picture-in-picture"" allowfullscreen&gt;&lt;/iframe&gt;', 'author_name': 'Reece Life Dad Life', 'provider_name': 'YouTube', 'thumbnail_url': 'https://i.ytimg.com/vi/D5FDX6IfUyI/hqdefault.jpg', 'thumbnail_height': 360, 'author_url': 'https://www.youtube.com/channel/UCuZ6PwhI-DBv8enD-cln5Rg'}}",False,False,,"{'content': '&lt;iframe width=""600"" height=""338"" src=""https://www.youtube.com/embed/D5FDX6IfUyI?feature=oembed&amp;enablejsapi=1"" frameborder=""0"" allow=""accelerometer; autoplay; clipboard-write; encrypted-media; gyroscope; picture-in-picture"" allowfullscreen&gt;&lt;/iframe&gt;', 'width': 600, 'scrolling': False, 'media_domain_url': 'https://www.redditmedia.com/mediaembed/k14p26', 'height': 338}",,,False,1,,False,https://b.thumbs.redditmedia.com/L_EyztCdiUhO7mKCe2JOMBiUPHs1ZXB79880MMRNKFE.jpg,False,,[],{},,False,,1606379410.0,text,6,,,text,youtube.com,False,,,,,https://www.youtube.com/watch?v=D5FDX6IfUyI&amp;feature=share,,False,True,False,False,False,[],[],False,False,False,False,,[],False,,,,t5_2rbz0,,,,k14p26,True,,mwlautzenheiser,,0,True,all_ads,False,[],False,,/r/Kayaking/comments/k14p26/plains_trains_kayaks_wabash_river_kayak_trip_with/,all_ads,False,https://www.youtube.com/watch?v=D5FDX6IfUyI&amp;feature=share,75417,1606350610.0,0,"{'type': 'youtube.com', 'oembed': {'provider_url': 'https://www.youtube.com/', 'version': '1.0', 'title': 'Plains, Trains &amp; Kayaks! Wabash River Kayak Trip With The Bluffton Kayak and Hiking Club', 'type': 'video', 'thumbnail_width': 480, 'height': 338, 'width': 600, 'html': '&lt;iframe width=""600"" height=""338"" src=""https://www.youtube.com/embed/D5FDX6IfUyI?feature=oembed&amp;enablejsapi=1"" frameborder=""0"" allow=""accelerometer; autoplay; clipboard-write; encrypted-media; gyroscope; picture-in-picture"" allowfullscreen&gt;&lt;/iframe&gt;', 'author_name': 'Reece Life Dad Life', 'provider_name': 'YouTube', 'thumbnail_url': 'https://i.ytimg.com/vi/D5FDX6IfUyI/hqdefault.jpg', 'thumbnail_height': 360, 'author_url': 'https://www.youtube.com/channel/UCuZ6PwhI-DBv8enD-cln5Rg'}}",False,rich:video,"{'images': [{'source': {'url': 'https://external-preview.redd.it/Asbf26cf93hUppDnjZ-9YxWwk10wyHgwvrSZe04uqMw.jpg?auto=webp&amp;s=90de24829f6775a4aff25b97d10ac00b7a0ca428', 'width': 480, 'height': 360}, 'resolutions': [{'url': 'https://external-preview.redd.it/Asbf26cf93hUppDnjZ-9YxWwk10wyHgwvrSZe04uqMw.jpg?width=108&amp;crop=smart&amp;auto=webp&amp;s=9ac1f8de3026219e466ab061dc91d6f98bcb288f', 'width': 108, 'height': 81}, {'url': 'https://external-preview.redd.it/Asbf26cf93hUppDnjZ-9YxWwk10wyHgwvrSZe04uqMw.jpg?width=216&amp;crop=smart&amp;auto=webp&amp;s=a2e76296db62e9bd2f1e33eaf35ac9fa0fff6b4c', 'width': 216, 'height': 162}, {'url': 'https://external-preview.redd.it/Asbf26cf93hUppDnjZ-9YxWwk10wyHgwvrSZe04uqMw.jpg?width=320&amp;crop=smart&amp;auto=webp&amp;s=b9cacff72b53543a46e0e734cd35e66514008544', 'width': 320, 'height': 240}], 'variants': {}, 'id': 'sUgTBiXaF6VqmS2rjMQ-EjbKyfg1e-dNhELYF3-KFhc'}], 'enabled': False}",,"[{'approved_at_utc': None, 'subreddit': 'u_mwlautzenheiser', 'selftext': '', 'author_fullname': 't2_8tecgqz2', 'saved': False, 'mod_reason_title': None, 'gilded': 0, 'clicked': False, 'title': 'Plains, Trains &amp; Kayaks! Wabash River Kayak Trip With The Bluffton Kayaking and Hiking Club!', 'link_flair_richtext': [], 'subreddit_name_prefixed': 'u/mwlautzenheiser', 'hidden': False, 'pwls': None, 'link_flair_css_class': None, 'downs': 0, 'thumbnail_height': 105, 'top_awarded_type': None, 'hide_score': False, 'name': 't3_k14nun', 'quarantine': False, 'link_flair_text_color': 'dark', 'upvote_ratio': 1.0, 'author_flair_background_color': None, 'subreddit_type': 'user', 'ups': 1, 'total_awards_received': 0, 'media_embed': {'content': '&lt;iframe width=""600"" height=""338"" src=""https://www.youtube.com/embed/D5FDX6IfUyI?feature=oembed&amp;enablejsapi=1"" frameborder=""0"" allow=""accelerometer; autoplay; clipboard-write; encrypted-media; gyroscope; picture-in-picture"" allowfullscreen&gt;&lt;/iframe&gt;', 'width': 600, 'scrolling': False, 'height': 338}, 'thumbnail_width': 140, 'author_flair_template_id': None, 'is_original_content': False, 'user_reports': [], 'secure_media': {'type': 'youtube.com', 'oembed': {'provider_url': 'https://www.youtube.com/', 'version': '1.0', 'title': 'Plains, Trains &amp; Kayaks! Wabash River Kayak Trip With The Bluffton Kayak and Hiking Club', 'type': 'video', 'thumbnail_width': 480, 'height': 338, 'width': 600, 'html': '&lt;iframe width=""600"" height=""338"" src=""https://www.youtube.com/embed/D5FDX6IfUyI?feature=oembed&amp;enablejsapi=1"" frameborder=""0"" allow=""accelerometer; autoplay; clipboard-write; encrypted-media; gyroscope; picture-in-picture"" allowfullscreen&gt;&lt;/iframe&gt;', 'author_name': 'Reece Life Dad Life', 'provider_name': 'YouTube', 'thumbnail_url': 'https://i.ytimg.com/vi/D5FDX6IfUyI/hqdefault.jpg', 'thumbnail_height': 360, 'author_url': 'https://www.youtube.com/channel/UCuZ6PwhI-DBv8enD-cln5Rg'}}, 'is_reddit_media_domain': False, 'is_meta': False, 'category': None, 'secure_media_embed': {'content': '&lt;iframe width=""600"" height=""338"" src=""https://www.youtube.com/embed/D5FDX6IfUyI?feature=oembed&amp;enablejsapi=1"" frameborder=""0"" allow=""accelerometer; autoplay; clipboard-write; encrypted-media; gyroscope; picture-in-picture"" allowfullscreen&gt;&lt;/iframe&gt;', 'width': 600, 'scrolling': False, 'media_domain_url': 'https://www.redditmedia.com/mediaembed/k14nun', 'height': 338}, 'link_flair_text': None, 'can_mod_post': False, 'score': 1, 'approved_by': None, 'author_premium': False, 'thumbnail': 'https://b.thumbs.redditmedia.com/L_EyztCdiUhO7mKCe2JOMBiUPHs1ZXB79880MMRNKFE.jpg', 'edited': False, 'author_flair_css_class': None, 'author_flair_richtext': [], 'gildings': {}, 'post_hint': 'rich:video', 'content_categories': None, 'is_self': False, 'mod_note': None, 'created': 1606379285.0, 'link_flair_type': 'text', 'wls': None, 'removed_by_category': None, 'banned_by': None, 'author_flair_type': 'text', 'domain': 'youtube.com', 'allow_live_comments': False, 'selftext_html': None, 'likes': None, 'suggested_sort': 'qa', 'banned_at_utc': None, 'url_overridden_by_dest': 'https://www.youtube.com/watch?v=D5FDX6IfUyI&amp;feature=share', 'view_count': None, 'archived': False, 'no_follow': True, 'is_crosspostable': False, 'pinned': False, 'over_18': False, 'preview': {'images': [{'source': {'url': 'https://external-preview.redd.it/Asbf26cf93hUppDnjZ-9YxWwk10wyHgwvrSZe04uqMw.jpg?auto=webp&amp;s=90de24829f6775a4aff25b97d10ac00b7a0ca428', 'width': 480, 'height': 360}, 'resolutions': [{'url': 'https://external-preview.redd.it/Asbf26cf93hUppDnjZ-9YxWwk10wyHgwvrSZe04uqMw.jpg?width=108&amp;crop=smart&amp;auto=webp&amp;s=9ac1f8de3026219e466ab061dc91d6f98bcb288f', 'width': 108, 'height': 81}, {'url': 'https://external-preview.redd.it/Asbf26cf93hUppDnjZ-9YxWwk10wyHgwvrSZe04uqMw.jpg?width=216&amp;crop=smart&amp;auto=webp&amp;s=a2e76296db62e9bd2f1e33eaf35ac9fa0fff6b4c', 'width': 216, 'height': 162}, {'url': 'https://external-preview.redd.it/Asbf26cf93hUppDnjZ-9YxWwk10wyHgwvrSZe04uqMw.jpg?width=320&amp;crop=smart&amp;auto=webp&amp;s=b9cacff72b53543a46e0e734cd35e66514008544', 'width': 320, 'height': 240}], 'variants': {}, 'id': 'sUgTBiXaF6VqmS2rjMQ-EjbKyfg1e-dNhELYF3-KFhc'}], 'enabled': False}, 'all_awardings': [], 'awarders': [], 'media_only': False, 'can_gild': False, 'spoiler': False, 'locked': False, 'author_flair_text': None, 'treatment_tags': [], 'visited': False, 'removed_by': None, 'num_reports': None, 'distinguished': None, 'subreddit_id': 't5_3drjfn', 'mod_reason_by': None, 'removal_reason': None, 'link_flair_background_color': '', 'id': 'k14nun', 'is_robot_indexable': True, 'report_reasons': None, 'author': 'mwlautzenheiser', 'discussion_type': None, 'num_comments': 0, 'send_replies': True, 'whitelist_status': None, 'contest_mode': False, 'mod_reports': [], 'author_patreon_flair': False, 'author_flair_text_color': None, 'permalink': '/r/u_mwlautzenheiser/comments/k14nun/plains_trains_kayaks_wabash_river_kayak_trip_with/', 'parent_whitelist_status': None, 'stickied': False, 'url': 'https://www.youtube.com/watch?v=D5FDX6IfUyI&amp;feature=share', 'subreddit_subscribers': 0, 'created_utc': 1606350485.0, 'num_crossposts': 4, 'media': {'type': 'youtube.com', 'oembed': {'provider_url': 'https://www.youtube.com/', 'version': '1.0', 'title': 'Plains, Trains &amp; Kayaks! Wabash River Kayak Trip With The Bluffton Kayak and Hiking Club', 'type': 'video', 'thumbnail_width': 480, 'height': 338, 'width': 600, 'html': '&lt;iframe width=""600"" height=""338"" src=""https://www.youtube.com/embed/D5FDX6IfUyI?feature=oembed&amp;enablejsapi=1"" frameborder=""0"" allow=""accelerometer; autoplay; clipboard-write; encrypted-media; gyroscope; picture-in-picture"" allowfullscreen&gt;&lt;/iframe&gt;', 'author_name': 'Reece Life Dad Life', 'provider_name': 'YouTube', 'thumbnail_url': 'https://i.ytimg.com/vi/D5FDX6IfUyI/hqdefault.jpg', 'thumbnail_height': 360, 'author_url': 'https://www.youtube.com/channel/UCuZ6PwhI-DBv8enD-cln5Rg'}}, 'is_video': False}]",t3_k14nun
,Kayaking,,t2_oc2uu39,False,,0,False,True,13ft kayak on short bed truck,[],r/Kayaking,False,6,tricks,0,105.0,,False,"{'7fkoouawka161': {'status': 'valid', 'e': 'Image', 'm': 'image/png', 'p': [{'y': 89, 'x': 108, 'u': 'https://preview.redd.it/7fkoouawka161.png?width=108&amp;crop=smart&amp;auto=webp&amp;s=ddc9f54a83b314b1f6924732399993bc6f0f70eb'}, {'y': 178, 'x': 216, 'u': 'https://preview.redd.it/7fkoouawka161.png?width=216&amp;crop=smart&amp;auto=webp&amp;s=22604e2c73588a9b3444905f9d757a6a6506b0fd'}, {'y': 264, 'x': 320, 'u': 'https://preview.redd.it/7fkoouawka161.png?width=320&amp;crop=smart&amp;auto=webp&amp;s=4fdf89d3263c1cbfa2837498023edcdb772ae6ad'}, {'y': 529, 'x': 640, 'u': 'https://preview.redd.it/7fkoouawka161.png?width=640&amp;crop=smart&amp;auto=webp&amp;s=54c7478c473d6e696cb0d992535ae456fdad3e86'}], 's': {'y': 548, 'x': 662, 'u': 'https://preview.redd.it/7fkoouawka161.png?width=662&amp;format=png&amp;auto=webp&amp;s=97309b209f53219f3aa382fef7250753c6ed3151'}, 'id': '7fkoouawka161'}, 'ymzb3yzvka161': {'status': 'valid', 'e': 'Image', 'm': 'image/png', 'p': [{'y': 81, 'x': 108, 'u': 'https://preview.redd.it/ymzb3yzvka161.png?width=108&amp;crop=smart&amp;auto=webp&amp;s=90cf42cd63952c8353f9336864cdaac77f7c8e87'}, {'y': 162, 'x': 216, 'u': 'https://preview.redd.it/ymzb3yzvka161.png?width=216&amp;crop=smart&amp;auto=webp&amp;s=17a8dbd46017cf1661d50a390a7a00f126dfe1ad'}, {'y': 240, 'x': 320, 'u': 'https://preview.redd.it/ymzb3yzvka161.png?width=320&amp;crop=smart&amp;auto=webp&amp;s=c63ac6169d6942230f7a8c21f4e9408f30370ad2'}, {'y': 480, 'x': 640, 'u': 'https://preview.redd.it/ymzb3yzvka161.png?width=640&amp;crop=smart&amp;auto=webp&amp;s=ee9d035bc09341a1e5ed50a58c1dfcc6cf5a1f7d'}], 's': {'y': 503, 'x': 670, 'u': 'https://preview.redd.it/ymzb3yzvka161.png?width=670&amp;format=png&amp;auto=webp&amp;s=ae520085ddc8372a988055eafd9f43b48a23b217'}, 'id': 'ymzb3yzvka161'}}",t3_k0iqn4,False,dark,0.92,,public,39,0,{},140.0,,False,[],,False,False,,{},"{'items': [{'caption': 'Secure and stable for the hood &amp; trunk straps', 'media_id': 'ymzb3yzvka161', 'id': 14323496}, {'media_id': '7fkoouawka161', 'id': 14323497}]}",Tips &amp; Tricks,False,39,,False,https://b.thumbs.redditmedia.com/2obwBIlOKP1QQylCl5wl87OW9CFHXci7o3jPw4ZGRcA.jpg,False,,[],{},,False,,1606297936.0,text,6,,,text,reddit.com,False,,,,,https://www.reddit.com/gallery/k0iqn4,,False,False,False,False,False,[],[],False,False,False,False,,[],False,,,,t5_2rbz0,,,,k0iqn4,True,,AAAtrail,,4,True,all_ads,False,[],False,,/r/Kayaking/comments/k0iqn4/13ft_kayak_on_short_bed_truck/,all_ads,False,https://www.reddit.com/gallery/k0iqn4,75417,1606269136.0,0,,False,,,ea44e3ae-b7d8-11e3-8449-12313b0d38eb,,
,Kayaking,,t2_1n500kzh,False,,0,False,,Contemporary Inuit,[],r/Kayaking,False,6,,0,105.0,,False,,t3_k07p3m,False,dark,0.99,,public,219,0,{},140.0,6179a458-8028-11e2-ba2d-12313d1839b0,False,[],,True,False,,{},,,False,219,,False,https://b.thumbs.redditmedia.com/GUV1XlMANg0GTlYHl9kVwRMPvpjuZyyW6ICSA4V5pUU.jpg,False,,[],{},,False,,1606262558.0,text,6,,,text,i.redd.it,False,,,,,https://i.redd.it/a20eghc3o7161.jpg,,False,False,False,False,False,[],[],False,False,False,False,Qajaq,[],False,,,,t5_2rbz0,,,,k07p3m,True,,RossoFiorentino36,,41,True,all_ads,False,[],False,dark,/r/Kayaking/comments/k07p3m/contemporary_inuit/,all_ads,False,https://i.redd.it/a20eghc3o7161.jpg,75417,1606233758.0,0,,False,image,"{'images': [{'source': {'url': 'https://preview.redd.it/a20eghc3o7161.jpg?auto=webp&amp;s=93dc9a00f254a20161825a4adf25c648b40270d6', 'width': 1600, 'height': 1200}, 'resolutions': [{'url': 'https://preview.redd.it/a20eghc3o7161.jpg?width=108&amp;crop=smart&amp;auto=webp&amp;s=3d98baf37a36f71fb52877148a19c175c280934a', 'width': 108, 'height': 81}, {'url': 'https://preview.redd.it/a20eghc3o7161.jpg?width=216&amp;crop=smart&amp;auto=webp&amp;s=718ea73297d7185c914ab38623fa989b63fef2db', 'width': 216, 'height': 162}, {'url': 'https://preview.redd.it/a20eghc3o7161.jpg?width=320&amp;crop=smart&amp;auto=webp&amp;s=84aae10439bf5a281fa57205d3e1f933e1678146', 'width': 320, 'height': 240}, {'url': 'https://preview.redd.it/a20eghc3o7161.jpg?width=640&amp;crop=smart&amp;auto=webp&amp;s=19b7b23815e42db85bc076aacf9f6cb240a925a3', 'width': 640, 'height': 480}, {'url': 'https://preview.redd.it/a20eghc3o7161.jpg?width=960&amp;crop=smart&amp;auto=webp&amp;s=18923e442e273303e78e9d8f6d52aba666a00969', 'width': 960, 'height': 720}, {'url': 'https://preview.redd.it/a20eghc3o7161.jpg?width=1080&amp;crop=smart&amp;auto=webp&amp;s=ffb5f47b9f4de6856cac3e4a049dceb41ab209e0', 'width': 1080, 'height': 810}], 'variants': {}, 'id': 'ktyqDypJvPDywJxQrFU0eH7Wtfz7uUcVY4h1iFgCP7c'}], 'enabled': True}",,,
,Kayaking,,t2_n9b1x,False,,0,False,,"Glassy morning in West Lakes, South Australia.",[],r/Kayaking,False,6,,0,91.0,,False,,t3_k0gj9c,False,dark,1.0,,public,41,0,{},140.0,,False,[],,True,False,,{},,,False,41,,False,https://a.thumbs.redditmedia.com/ZAOowcVTwY0VRMMM7Y2vqc1k51M4Em_XGuWvnRNvqh8.jpg,False,,[],{},,False,,1606289862.0,text,6,,,text,i.redd.it,False,,,,,https://i.redd.it/bfhfmkgax9161.jpg,,False,False,False,False,False,[],[],False,False,False,False,,[],False,,,,t5_2rbz0,,,,k0gj9c,True,,willis2117,,0,True,all_ads,False,[],False,,/r/Kayaking/comments/k0gj9c/glassy_morning_in_west_lakes_south_australia/,all_ads,False,https://i.redd.it/bfhfmkgax9161.jpg,75417,1606261062.0,0,,False,image,"{'images': [{'source': {'url': 'https://preview.redd.it/bfhfmkgax9161.jpg?auto=webp&amp;s=40ec02da27d5f49676cecbf0e6c9cf7cb7c23ef4', 'width': 3315, 'height': 2175}, 'resolutions': [{'url': 'https://preview.redd.it/bfhfmkgax9161.jpg?width=108&amp;crop=smart&amp;auto=webp&amp;s=93d91acb3cf519e3539f685664252fec3d275f53', 'width': 108, 'height': 70}, {'url': 'https://preview.redd.it/bfhfmkgax9161.jpg?width=216&amp;crop=smart&amp;auto=webp&amp;s=c3f92181b38cec2e54dbdc3fbb3fe16e976f9121', 'width': 216, 'height': 141}, {'url': 'https://preview.redd.it/bfhfmkgax9161.jpg?width=320&amp;crop=smart&amp;auto=webp&amp;s=36a5b6cd0fdf42d88fc752e25975ad07fda42ca0', 'width': 320, 'height': 209}, {'url': 'https://preview.redd.it/bfhfmkgax9161.jpg?width=640&amp;crop=smart&amp;auto=webp&amp;s=41b4bd5316c4e843e8541eb5ddad619dcd627d5d', 'width': 640, 'height': 419}, {'url': 'https://preview.redd.it/bfhfmkgax9161.jpg?width=960&amp;crop=smart&amp;auto=webp&amp;s=eb33f2d1217ca5472f3d0a498d91227940c7f123', 'width': 960, 'height': 629}, {'url': 'https://preview.redd.it/bfhfmkgax9161.jpg?width=1080&amp;crop=smart&amp;auto=webp&amp;s=c1f02417c184eff9edebd0f01a5a966c2275ef88', 'width': 1080, 'height': 708}], 'variants': {}, 'id': '6R_ptUP1By9SqO928JWHmtighUNX-PPtqy51KD6u7VE'}], 'enabled': True}",,,
,Kayaking,"Dear community, I am buying a kayak for river sailing, mostly for recreational purposes like spending an entire morning/ afternoon on board and doing some kind of adventure time. I already have done some kayaking but this is the first time I'm buying one. So, I was wondering about what kind of features or things you advise me I should look for at the time of picking a kayak? Or What are the variables that I should really take into account based on your experiences?
Thank you so much for your help!",t2_86gqz41i,False,,0,False,,What kind of kayak should I buy?,[],r/Kayaking,False,6,,0,,,False,,t3_k0tzxk,False,dark,1.0,,public,2,0,{},,,False,[],,False,False,,{},,,False,2,,False,self,False,,[],{},,True,,1606346346.0,text,6,,,text,self.Kayaking,False,"&lt;!-- SC_OFF --&gt;&lt;div class=""md""&gt;&lt;p&gt;Dear community, I am buying a kayak for river sailing, mostly for recreational purposes like spending an entire morning/ afternoon on board and doing some kind of adventure time. I already have done some kayaking but this is the first time I&amp;#39;m buying one. So, I was wondering about what kind of features or things you advise me I should look for at the time of picking a kayak? Or What are the variables that I should really take into account based on your experiences?
Thank you so much for your help!&lt;/p&gt;
&lt;/div&gt;&lt;!-- SC_ON --&gt;",,,,,,False,True,False,False,False,[],[],False,False,False,False,,[],False,,,,t5_2rbz0,,,,k0tzxk,True,,Mr_Arbe,,3,True,all_ads,False,[],False,,/r/Kayaking/comments/k0tzxk/what_kind_of_kayak_should_i_buy/,all_ads,False,https://www.reddit.com/r/Kayaking/comments/k0tzxk/what_kind_of_kayak_should_i_buy/,75417,1606317546.0,0,,False,,,,,
,Kayaking,,t2_5ay1jl6h,False,,0,False,,"Frozen kayaking in QC, Canada ü•∂‚ùÑÔ∏è",[],r/Kayaking,False,6,porn,0,105.0,,False,,t3_k05lig,False,dark,1.0,,public,169,0,{},140.0,,False,[],,True,False,,{},,Paddle Porn,False,169,,False,https://b.thumbs.redditmedia.com/npeH23dN556QICcf56BPLEO03Q90CPXGmj3pfBY-9YU.jpg,False,,[],{},,False,,1606255647.0,text,6,,,text,i.redd.it,False,,,,,https://i.redd.it/m651j9ng37161.jpg,,False,False,False,False,False,[],[],False,False,False,False,,[],False,,,,t5_2rbz0,,,,k05lig,True,,canadianick,,14,True,all_ads,False,[],False,,/r/Kayaking/comments/k05lig/frozen_kayaking_in_qc_canada/,all_ads,False,https://i.redd.it/m651j9ng37161.jpg,75417,1606226847.0,0,,False,image,"{'images': [{'source': {'url': 'https://preview.redd.it/m651j9ng37161.jpg?auto=webp&amp;s=50738359fc7e0b47363585fd582722660610e1df', 'width': 3874, 'height': 2906}, 'resolutions': [{'url': 'https://preview.redd.it/m651j9ng37161.jpg?width=108&amp;crop=smart&amp;auto=webp&amp;s=f1d8ab0c1c9aa14edaedc02a13a974dbf9a7c128', 'width': 108, 'height': 81}, {'url': 'https://preview.redd.it/m651j9ng37161.jpg?width=216&amp;crop=smart&amp;auto=webp&amp;s=439854c3fb39071a6cbdb1abe664b93d8b991a84', 'width': 216, 'height': 162}, {'url': 'https://preview.redd.it/m651j9ng37161.jpg?width=320&amp;crop=smart&amp;auto=webp&amp;s=bdb0d15dfc5e879fd778b63fac02cf1abbb2c8c7', 'width': 320, 'height': 240}, {'url': 'https://preview.redd.it/m651j9ng37161.jpg?width=640&amp;crop=smart&amp;auto=webp&amp;s=e918d436614209b3b2b5593276f15a267d18d143', 'width': 640, 'height': 480}, {'url': 'https://preview.redd.it/m651j9ng37161.jpg?width=960&amp;crop=smart&amp;auto=webp&amp;s=ab9d9e8dbb6f444c66f2f02e1cfdc941b9f06780', 'width': 960, 'height': 720}, {'url': 'https://preview.redd.it/m651j9ng37161.jpg?width=1080&amp;crop=smart&amp;auto=webp&amp;s=22810d9481b06481785beba9bf8a69148dc269fd', 'width': 1080, 'height': 810}], 'variants': {}, 'id': 'UbZ1FmohtBDKJytguAFBRGmBILt02ZqlobNCl5Lid10'}], 'enabled': True}",90773748-b7db-11e3-aba5-12313d056a4d,,
,Kayaking,,t2_8o4xot65,False,,0,False,,"First time out kayaking in years, exploring the mangroves near Terra Ceia bay",[],r/Kayaking,False,6,,0,105.0,,False,,t3_k0fxzb,False,dark,0.97,,public,28,0,{},140.0,,False,[],,True,False,,{},,,False,28,,False,https://b.thumbs.redditmedia.com/Dr-JHACLSYXypLeOfAhzU9uNQuoUa36PRoZcv0WRNzY.jpg,False,,[],{},,False,,1606287815.0,text,6,,,text,i.redd.it,False,,,,,https://i.redd.it/2j5k0gl7r9161.jpg,,False,False,False,False,False,[],[],False,False,False,False,,[],False,,,,t5_2rbz0,,,,k0fxzb,True,,ryan0157,,3,True,all_ads,False,[],False,,/r/Kayaking/comments/k0fxzb/first_time_out_kayaking_in_years_exploring_the/,all_ads,False,https://i.redd.it/2j5k0gl7r9161.jpg,75417,1606259015.0,0,,False,image,"{'images': [{'source': {'url': 'https://preview.redd.it/2j5k0gl7r9161.jpg?auto=webp&amp;s=b1d000188d2b4c055789ef76d7bb619d74123314', 'width': 4032, 'height': 3024}, 'resolutions': [{'url': 'https://preview.redd.it/2j5k0gl7r9161.jpg?width=108&amp;crop=smart&amp;auto=webp&amp;s=555002fdd775481ff00243f6fd7677cc95f7088f', 'width': 108, 'height': 81}, {'url': 'https://preview.redd.it/2j5k0gl7r9161.jpg?width=216&amp;crop=smart&amp;auto=webp&amp;s=ec4f771afe8ffe711572b52087ea739af795c49a', 'width': 216, 'height': 162}, {'url': 'https://preview.redd.it/2j5k0gl7r9161.jpg?width=320&amp;crop=smart&amp;auto=webp&amp;s=17b55b156348079c5f1fe61ce70df54ac5b0256b', 'width': 320, 'height': 240}, {'url': 'https://preview.redd.it/2j5k0gl7r9161.jpg?width=640&amp;crop=smart&amp;auto=webp&amp;s=9ec3b2f31cf60b6e41e70d523d3883ef7f5a9e2d', 'width': 640, 'height': 480}, {'url': 'https://preview.redd.it/2j5k0gl7r9161.jpg?width=960&amp;crop=smart&amp;auto=webp&amp;s=92f4a8710a3def86a69f103ec1bed62f9e40076b', 'width': 960, 'height': 720}, {'url': 'https://preview.redd.it/2j5k0gl7r9161.jpg?width=1080&amp;crop=smart&amp;auto=webp&amp;s=d45bc2adb799dbce9bb1b23e500e627e84d693b2', 'width': 1080, 'height': 810}], 'variants': {}, 'id': 'imnTdeQ_-p9R59yXxsHB885JwffA399CGyB90vCvGDE'}], 'enabled': True}",,,
,Kayaking,,t2_6cyelf1c,False,,0,False,,üòÇ Gators Have The Right of Way üêä,[],r/Kayaking,False,6,dangerous,0,140.0,,False,,t3_jzzvhq,False,dark,1.0,,public,97,0,{},140.0,,False,[],,True,False,,{},,Dangerous,False,97,,False,https://b.thumbs.redditmedia.com/Agm3YKCOvqEGWpas9kiY3yrkncjJLaBxMF85DsjjwKY.jpg,False,,[],{},,False,,1606228566.0,text,6,,,text,i.redd.it,False,,,,,https://i.redd.it/9bw6n4yzu4161.jpg,,False,False,False,False,False,[],[],False,False,False,False,,[],False,,,,t5_2rbz0,,,,jzzvhq,True,,Advice_4U,,13,True,all_ads,False,[],False,,/r/Kayaking/comments/jzzvhq/gators_have_the_right_of_way/,all_ads,False,https://i.redd.it/9bw6n4yzu4161.jpg,75417,1606199766.0,0,,False,image,"{'images': [{'source': {'url': 'https://preview.redd.it/9bw6n4yzu4161.jpg?auto=webp&amp;s=71f8bfddf708d826e95459b092fd743471976558', 'width': 720, 'height': 960}, 'resolutions': [{'url': 'https://preview.redd.it/9bw6n4yzu4161.jpg?width=108&amp;crop=smart&amp;auto=webp&amp;s=19a148d6e2c4223187d14a2a9e9ce07e194b39a6', 'width': 108, 'height': 144}, {'url': 'https://preview.redd.it/9bw6n4yzu4161.jpg?width=216&amp;crop=smart&amp;auto=webp&amp;s=2650f79776305ac52373a58db7b93017001ac02b', 'width': 216, 'height': 288}, {'url': 'https://preview.redd.it/9bw6n4yzu4161.jpg?width=320&amp;crop=smart&amp;auto=webp&amp;s=81bd3fe731076151b4436ba400fca4c02404faa5', 'width': 320, 'height': 426}, {'url': 'https://preview.redd.it/9bw6n4yzu4161.jpg?width=640&amp;crop=smart&amp;auto=webp&amp;s=00bc479af008bd191f772df94d19616ce1bbbf07', 'width': 640, 'height': 853}], 'variants': {}, 'id': 'AS4iY7DXwKBjOvwJ6mAxARHBdjgjNAOt4wW9bxFZZSk'}], 'enabled': True}",f272bb98-34a8-11e5-9dde-0e550be6a457,,
,Kayaking,"I repair leaks and holes in my vinyl inflatable boat with HH-66 vinyl cement and Sailrite's Shelter‚ÄëRite vinyl strips. Works great but it needs overnight to cure, etc.

Does anyone know of a good temporary repair? Ideally, it would be:

1. Waterproof, works in areas exposed to water
2. Easily removable
3. Fits into creases/seam (the included tape or Clear Gorilla tape allows to for air to escape too easily)",t2_4gln6,False,,0,False,,Temporary repair putty for vinyl kayak (e.g. Intex)?,[],r/Kayaking,False,6,,0,,,False,,t3_k0ipzm,False,dark,1.0,,public,2,0,{},,,False,[],,False,False,,{},,,False,2,,False,self,False,,[],{},,True,,1606297863.0,text,6,,,text,self.Kayaking,False,"&lt;!-- SC_OFF --&gt;&lt;div class=""md""&gt;&lt;p&gt;I repair leaks and holes in my vinyl inflatable boat with HH-66 vinyl cement and Sailrite&amp;#39;s Shelter‚ÄëRite vinyl strips. Works great but it needs overnight to cure, etc.&lt;/p&gt;

&lt;p&gt;Does anyone know of a good temporary repair? Ideally, it would be:&lt;/p&gt;

&lt;ol&gt;
&lt;li&gt;Waterproof, works in areas exposed to water&lt;/li&gt;
&lt;li&gt;Easily removable&lt;/li&gt;
&lt;li&gt;Fits into creases/seam (the included tape or Clear Gorilla tape allows to for air to escape too easily)&lt;/li&gt;
&lt;/ol&gt;
&lt;/div&gt;&lt;!-- SC_ON --&gt;",,,,,,False,True,False,False,False,[],[],False,False,False,False,,[],False,,,,t5_2rbz0,,,,k0ipzm,True,,andkon,,5,True,all_ads,False,[],False,,/r/Kayaking/comments/k0ipzm/temporary_repair_putty_for_vinyl_kayak_eg_intex/,all_ads,False,https://www.reddit.com/r/Kayaking/comments/k0ipzm/temporary_repair_putty_for_vinyl_kayak_eg_intex/,75417,1606269063.0,0,,False,,,,,
,Kayaking,,t2_14322y,False,,0,False,,I just got my own Kayak and it's so damn nice to be out on the water! I was worried I'd regret spending so much money but this is great!!,[],r/Kayaking,False,6,beginners,0,105.0,,False,,t3_jzrntd,False,dark,0.99,,public,183,0,{},140.0,,False,[],,True,False,,{},,Beginners,False,183,,False,https://b.thumbs.redditmedia.com/iOhEiFrTV_7RY4vvUGkZYtVy-AvMwllWfDBR7lGnq9M.jpg,False,,[],{},,False,,1606197843.0,text,6,,,text,i.redd.it,False,,,,,https://i.redd.it/oyo2r5fmb2161.jpg,,False,False,False,False,False,[],[],False,False,False,False,,[],False,,,,t5_2rbz0,,,,jzrntd,True,,kappasaurus_,,11,True,all_ads,False,[],False,,/r/Kayaking/comments/jzrntd/i_just_got_my_own_kayak_and_its_so_damn_nice_to/,all_ads,False,https://i.redd.it/oyo2r5fmb2161.jpg,75417,1606169043.0,0,,False,image,"{'images': [{'source': {'url': 'https://preview.redd.it/oyo2r5fmb2161.jpg?auto=webp&amp;s=325b1d685e81df6c0c2dbeef071125067438990c', 'width': 4032, 'height': 3024}, 'resolutions': [{'url': 'https://preview.redd.it/oyo2r5fmb2161.jpg?width=108&amp;crop=smart&amp;auto=webp&amp;s=22d8911f1760f5d8105a1adbf9bbda9ecb941d02', 'width': 108, 'height': 81}, {'url': 'https://preview.redd.it/oyo2r5fmb2161.jpg?width=216&amp;crop=smart&amp;auto=webp&amp;s=6cce636c07c313064ec150ac09b64b0966e20413', 'width': 216, 'height': 162}, {'url': 'https://preview.redd.it/oyo2r5fmb2161.jpg?width=320&amp;crop=smart&amp;auto=webp&amp;s=5ee3021462bc3dc132c2b02ab3390027f9620f90', 'width': 320, 'height': 240}, {'url': 'https://preview.redd.it/oyo2r5fmb2161.jpg?width=640&amp;crop=smart&amp;auto=webp&amp;s=ad9e8ae0d7c4ce63ebf8decfe76d54539c499529', 'width': 640, 'height': 480}, {'url': 'https://preview.redd.it/oyo2r5fmb2161.jpg?width=960&amp;crop=smart&amp;auto=webp&amp;s=a32da1e47ec7e1a54e8621e550ca342fd1b45c5b', 'width': 960, 'height': 720}, {'url': 'https://preview.redd.it/oyo2r5fmb2161.jpg?width=1080&amp;crop=smart&amp;auto=webp&amp;s=6e1d4420d38654268f45d70152adfa6d7955f1eb', 'width': 1080, 'height': 810}], 'variants': {}, 'id': 'Pu3rv14ZPeTrFfYpLOAaO-PpLJH6rBFJZQ72HTLC-4Y'}], 'enabled': True}",bb863dc2-b7da-11e3-a52d-12313d056a4d,,
,Kayaking,,t2_1krbunl,False,,0,False,,Calm day in Arizona,[],r/Kayaking,False,6,,0,105.0,,False,,t3_jziplg,False,dark,1.0,,public,365,0,{},140.0,,False,[],,True,False,,{},,,False,365,,False,https://b.thumbs.redditmedia.com/4W0xmUGvbNQNJ-n2TVtjlkhCwepPc7nl1c6PUddv6PY.jpg,False,,[],{},,False,,1606171037.0,text,6,,,text,i.redd.it,False,,,,,https://i.redd.it/7oxw19yy30161.jpg,,False,False,False,False,False,[],[],False,False,False,False,,[],False,,,,t5_2rbz0,,,,jziplg,True,,palibe_mbudzi,,14,True,all_ads,False,[],False,,/r/Kayaking/comments/jziplg/calm_day_in_arizona/,all_ads,False,https://i.redd.it/7oxw19yy30161.jpg,75417,1606142237.0,0,,False,image,"{'images': [{'source': {'url': 'https://preview.redd.it/7oxw19yy30161.jpg?auto=webp&amp;s=92a0d8e16c71d9ead64f54f1efbf7abc09f6dd32', 'width': 4032, 'height': 3024}, 'resolutions': [{'url': 'https://preview.redd.it/7oxw19yy30161.jpg?width=108&amp;crop=smart&amp;auto=webp&amp;s=5a7726efe104c11f84157ad2fa3667639f27ecb4', 'width': 108, 'height': 81}, {'url': 'https://preview.redd.it/7oxw19yy30161.jpg?width=216&amp;crop=smart&amp;auto=webp&amp;s=ba61a122515c6361905decc9034fd59ec4c92aef', 'width': 216, 'height': 162}, {'url': 'https://preview.redd.it/7oxw19yy30161.jpg?width=320&amp;crop=smart&amp;auto=webp&amp;s=ff17302928722138c4209db030ae16d824cc5d15', 'width': 320, 'height': 240}, {'url': 'https://preview.redd.it/7oxw19yy30161.jpg?width=640&amp;crop=smart&amp;auto=webp&amp;s=969ef373170792f4434abbec99985cb3cf15f285', 'width': 640, 'height': 480}, {'url': 'https://preview.redd.it/7oxw19yy30161.jpg?width=960&amp;crop=smart&amp;auto=webp&amp;s=7894279c5cbf35adc283e73d16ccf3a255e972d1', 'width': 960, 'height': 720}, {'url': 'https://preview.redd.it/7oxw19yy30161.jpg?width=1080&amp;crop=smart&amp;auto=webp&amp;s=fc87f5a3768b54c6af53d44ae065a8613f505aa8', 'width': 1080, 'height': 810}], 'variants': {}, 'id': '4rDkFb3qg7_rIEea3GVLA6hbrXTplCJoTKjYXvBDspo'}], 'enabled': True}",,,
,Kayaking,,t2_7k8erp,False,,0,False,,Waterton Canyon at 500 CFS in the Year of the Dumpster Fire,[],r/Kayaking,False,6,,0,105.0,,False,,t3_k07hmq,False,dark,1.0,,public,3,0,"{'content': '&lt;iframe width=""600"" height=""338"" src=""https://www.youtube.com/embed/KE1Wii4I28U?feature=oembed&amp;enablejsapi=1"" frameborder=""0"" allow=""accelerometer; autoplay; clipboard-write; encrypted-media; gyroscope; picture-in-picture"" allowfullscreen&gt;&lt;/iframe&gt;', 'width': 600, 'scrolling': False, 'height': 338}",140.0,,False,[],"{'oembed': {'provider_url': 'https://www.youtube.com/', 'title': 'Waterton Canyon at 500 CFS in the Year of the Dumpster Fire', 'html': '&lt;iframe width=""600"" height=""338"" src=""https://www.youtube.com/embed/KE1Wii4I28U?feature=oembed&amp;enablejsapi=1"" frameborder=""0"" allow=""accelerometer; autoplay; clipboard-write; encrypted-media; gyroscope; picture-in-picture"" allowfullscreen&gt;&lt;/iframe&gt;', 'thumbnail_width': 480, 'height': 338, 'width': 600, 'version': '1.0', 'author_name': 'Designworks Architecture', 'provider_name': 'YouTube', 'thumbnail_url': 'https://i.ytimg.com/vi/KE1Wii4I28U/hqdefault.jpg', 'type': 'video', 'thumbnail_height': 360, 'author_url': 'https://www.youtube.com/channel/UC2Wuh9uOGB0OnQ3i1g8WzRQ'}, 'type': 'youtube.com'}",False,False,,"{'content': '&lt;iframe width=""600"" height=""338"" src=""https://www.youtube.com/embed/KE1Wii4I28U?feature=oembed&amp;enablejsapi=1"" frameborder=""0"" allow=""accelerometer; autoplay; clipboard-write; encrypted-media; gyroscope; picture-in-picture"" allowfullscreen&gt;&lt;/iframe&gt;', 'width': 600, 'scrolling': False, 'media_domain_url': 'https://www.redditmedia.com/mediaembed/k07hmq', 'height': 338}",,,False,3,,False,https://a.thumbs.redditmedia.com/ZoPr0Gm9UUhn78sJB67leJhlju5OcdWonkhlAQkqK08.jpg,False,,[],{},,False,,1606261909.0,text,6,,,text,youtube.com,False,,,,,https://www.youtube.com/watch?v=KE1Wii4I28U&amp;feature=share,,False,True,False,False,False,[],[],False,False,False,False,,[],False,,,,t5_2rbz0,,,,k07hmq,True,,muppetjack,,0,True,all_ads,False,[],False,,/r/Kayaking/comments/k07hmq/waterton_canyon_at_500_cfs_in_the_year_of_the/,all_ads,False,https://www.youtube.com/watch?v=KE1Wii4I28U&amp;feature=share,75417,1606233109.0,0,"{'oembed': {'provider_url': 'https://www.youtube.com/', 'title': 'Waterton Canyon at 500 CFS in the Year of the Dumpster Fire', 'html': '&lt;iframe width=""600"" height=""338"" src=""https://www.youtube.com/embed/KE1Wii4I28U?feature=oembed&amp;enablejsapi=1"" frameborder=""0"" allow=""accelerometer; autoplay; clipboard-write; encrypted-media; gyroscope; picture-in-picture"" allowfullscreen&gt;&lt;/iframe&gt;', 'thumbnail_width': 480, 'height': 338, 'width': 600, 'version': '1.0', 'author_name': 'Designworks Architecture', 'provider_name': 'YouTube', 'thumbnail_url': 'https://i.ytimg.com/vi/KE1Wii4I28U/hqdefault.jpg', 'type': 'video', 'thumbnail_height': 360, 'author_url': 'https://www.youtube.com/channel/UC2Wuh9uOGB0OnQ3i1g8WzRQ'}, 'type': 'youtube.com'}",False,rich:video,"{'images': [{'source': {'url': 'https://external-preview.redd.it/nh14Vm9y8QoiwPA5B-oBUeiw503o9rw_0suqmbjq-_s.jpg?auto=webp&amp;s=dc6acd2d3156686e63059ce676654164c50236b7', 'width': 480, 'height': 360}, 'resolutions': [{'url': 'https://external-preview.redd.it/nh14Vm9y8QoiwPA5B-oBUeiw503o9rw_0suqmbjq-_s.jpg?width=108&amp;crop=smart&amp;auto=webp&amp;s=9d84ef799baaadc3a529c96fa6e8fae6e7591771', 'width': 108, 'height': 81}, {'url': 'https://external-preview.redd.it/nh14Vm9y8QoiwPA5B-oBUeiw503o9rw_0suqmbjq-_s.jpg?width=216&amp;crop=smart&amp;auto=webp&amp;s=9ebd7633e9db0ce580746f0ae54d794639f07d92', 'width': 216, 'height': 162}, {'url': 'https://external-preview.redd.it/nh14Vm9y8QoiwPA5B-oBUeiw503o9rw_0suqmbjq-_s.jpg?width=320&amp;crop=smart&amp;auto=webp&amp;s=ad471164e3d2fda89d873023dc69ba19a8f3bf72', 'width': 320, 'height': 240}], 'variants': {}, 'id': 'dJ5RoKpQk8LGjigAtL6FByBBA4q3y-5jnXatXvJj3PI'}], 'enabled': False}",,,
,Kayaking,"I‚Äôd like to take a day trip kayaking Tahoe alone in the winter. I really don‚Äôt want to go with a guide (truly hate small talk) and don‚Äôt have any friends with proper equipment to kayak with me. 
Current plan is to wear a dry suit with proper undergarments, carry a full change of clothes and towel in dry bag, and leave a clear itinerary with planned check-in times with my BF. I could paddle my poly 14 ft. sea kayak but am leaning toward paddling an advanced elements ds-xlc instead - because it‚Äôs virtually impossible to flip, super comfy, a cozier fit than the sea kayak, and I‚Äôm planning to take it easy in terms of speed. 
Is this insane? I‚Äôm a native Californian, very nervous around freezing temps, but stories of a beautiful, calm, quiet snowy lake have seduced me.",t2_2cwn92u5,False,,0,False,,Tips for kayaking Tahoe in winter?,[],r/Kayaking,False,6,,0,,,False,,t3_k0daal,False,dark,1.0,,public,1,0,{},,,False,[],,False,False,,{},,,False,1,,False,self,False,,[],{},,True,,1606279199.0,text,6,,,text,self.Kayaking,False,"&lt;!-- SC_OFF --&gt;&lt;div class=""md""&gt;&lt;p&gt;I‚Äôd like to take a day trip kayaking Tahoe alone in the winter. I really don‚Äôt want to go with a guide (truly hate small talk) and don‚Äôt have any friends with proper equipment to kayak with me. 
Current plan is to wear a dry suit with proper undergarments, carry a full change of clothes and towel in dry bag, and leave a clear itinerary with planned check-in times with my BF. I could paddle my poly 14 ft. sea kayak but am leaning toward paddling an advanced elements ds-xlc instead - because it‚Äôs virtually impossible to flip, super comfy, a cozier fit than the sea kayak, and I‚Äôm planning to take it easy in terms of speed. 
Is this insane? I‚Äôm a native Californian, very nervous around freezing temps, but stories of a beautiful, calm, quiet snowy lake have seduced me.&lt;/p&gt;
&lt;/div&gt;&lt;!-- SC_ON --&gt;",,,,,,False,True,False,False,False,[],[],False,False,False,False,,[],False,,,,t5_2rbz0,,,,k0daal,True,,AppropriatePumpkin7,,5,True,all_ads,False,[],False,,/r/Kayaking/comments/k0daal/tips_for_kayaking_tahoe_in_winter/,all_ads,False,https://www.reddit.com/r/Kayaking/comments/k0daal/tips_for_kayaking_tahoe_in_winter/,75417,1606250399.0,0,,False,,,,,
,Kayaking,,t2_8x4kf,False,,0,False,,Zoffinger is up to his crazy DIY tricks again. Might be a bit noisy though.,[],r/Kayaking,False,6,,0,105.0,,False,,t3_k0cv5o,False,dark,0.67,,public,1,0,"{'content': '&lt;iframe width=""600"" height=""338"" src=""https://www.youtube.com/embed/Ojqy2AIlNNI?feature=oembed&amp;enablejsapi=1"" frameborder=""0"" allow=""accelerometer; autoplay; clipboard-write; encrypted-media; gyroscope; picture-in-picture"" allowfullscreen&gt;&lt;/iframe&gt;', 'width': 600, 'scrolling': False, 'height': 338}",140.0,6179a458-8028-11e2-ba2d-12313d1839b0,False,[],"{'type': 'youtube.com', 'oembed': {'provider_url': 'https://www.youtube.com/', 'version': '1.0', 'title': 'How I Put a REAL Jet Engine on a Kayak', 'type': 'video', 'thumbnail_width': 480, 'height': 338, 'width': 600, 'html': '&lt;iframe width=""600"" height=""338"" src=""https://www.youtube.com/embed/Ojqy2AIlNNI?feature=oembed&amp;enablejsapi=1"" frameborder=""0"" allow=""accelerometer; autoplay; clipboard-write; encrypted-media; gyroscope; picture-in-picture"" allowfullscreen&gt;&lt;/iframe&gt;', 'author_name': 'zoffinger', 'provider_name': 'YouTube', 'thumbnail_url': 'https://i.ytimg.com/vi/Ojqy2AIlNNI/hqdefault.jpg', 'thumbnail_height': 360, 'author_url': 'https://www.youtube.com/user/zoffinger'}}",False,False,,"{'content': '&lt;iframe width=""600"" height=""338"" src=""https://www.youtube.com/embed/Ojqy2AIlNNI?feature=oembed&amp;enablejsapi=1"" frameborder=""0"" allow=""accelerometer; autoplay; clipboard-write; encrypted-media; gyroscope; picture-in-picture"" allowfullscreen&gt;&lt;/iframe&gt;', 'width': 600, 'scrolling': False, 'media_domain_url': 'https://www.redditmedia.com/mediaembed/k0cv5o', 'height': 338}",,,False,1,,False,https://b.thumbs.redditmedia.com/JVSm7-5k6cGKXyLOSFNyDlOq9xMDTyHgnPlNFv3M8oo.jpg,False,,[],{},,False,,1606277850.0,text,6,,,text,youtube.com,False,,,,,https://www.youtube.com/watch?v=Ojqy2AIlNNI,,False,True,False,False,False,[],[],False,False,False,False,"Elio Sprint 75, Abaco 13.5, WS Tarpon 120",[],False,,,,t5_2rbz0,,,,k0cv5o,True,,jimmythespider,,0,True,all_ads,False,[],False,dark,/r/Kayaking/comments/k0cv5o/zoffinger_is_up_to_his_crazy_diy_tricks_again/,all_ads,False,https://www.youtube.com/watch?v=Ojqy2AIlNNI,75417,1606249050.0,0,"{'type': 'youtube.com', 'oembed': {'provider_url': 'https://www.youtube.com/', 'version': '1.0', 'title': 'How I Put a REAL Jet Engine on a Kayak', 'type': 'video', 'thumbnail_width': 480, 'height': 338, 'width': 600, 'html': '&lt;iframe width=""600"" height=""338"" src=""https://www.youtube.com/embed/Ojqy2AIlNNI?feature=oembed&amp;enablejsapi=1"" frameborder=""0"" allow=""accelerometer; autoplay; clipboard-write; encrypted-media; gyroscope; picture-in-picture"" allowfullscreen&gt;&lt;/iframe&gt;', 'author_name': 'zoffinger', 'provider_name': 'YouTube', 'thumbnail_url': 'https://i.ytimg.com/vi/Ojqy2AIlNNI/hqdefault.jpg', 'thumbnail_height': 360, 'author_url': 'https://www.youtube.com/user/zoffinger'}}",False,rich:video,"{'images': [{'source': {'url': 'https://external-preview.redd.it/62ANb-3ICHpd4gzOqH04HeulUXs9STL5iiIOmA6zo2Y.jpg?auto=webp&amp;s=b21ceb2bd2ecc58682504888853290dff07ae415', 'width': 480, 'height': 360}, 'resolutions': [{'url': 'https://external-preview.redd.it/62ANb-3ICHpd4gzOqH04HeulUXs9STL5iiIOmA6zo2Y.jpg?width=108&amp;crop=smart&amp;auto=webp&amp;s=d6d12d3a0dbea8968cc7371c33577c5ad4324924', 'width': 108, 'height': 81}, {'url': 'https://external-preview.redd.it/62ANb-3ICHpd4gzOqH04HeulUXs9STL5iiIOmA6zo2Y.jpg?width=216&amp;crop=smart&amp;auto=webp&amp;s=b7e2212f52a5b101b535ba82bc397d2b35c7f752', 'width': 216, 'height': 162}, {'url': 'https://external-preview.redd.it/62ANb-3ICHpd4gzOqH04HeulUXs9STL5iiIOmA6zo2Y.jpg?width=320&amp;crop=smart&amp;auto=webp&amp;s=0484c7c97d26bdb7f4f3c308e24c7b213f8a13fd', 'width': 320, 'height': 240}], 'variants': {}, 'id': 'yxR_v6CnpW7T9BFei4geItFsoVNvL_-Q_3rjJgaTsWY'}], 'enabled': False}",,,
,Kayaking,"Hi - I just got an Apple Watch as a gift. I‚Äôm trying to set up one face that‚Äôll be most useful when paddling. What apps should i have on the face to get to them easily.  So far I‚Äôm thinking Paddle Logger, maps, phone, and weather. Maybe music?  Anything else that‚Äôs handy to easily access in the water?  Thanks!",t2_412no5gf,False,,0,False,,Apple Watch tricks,[],r/Kayaking,False,6,beginners,0,,,False,,t3_k0bmri,False,dark,0.5,,public,0,0,{},,,False,[],,False,False,,{},,Beginners,False,0,,False,self,False,,[],{},,True,,1606274173.0,text,6,,,text,self.Kayaking,False,"&lt;!-- SC_OFF --&gt;&lt;div class=""md""&gt;&lt;p&gt;Hi - I just got an Apple Watch as a gift. I‚Äôm trying to set up one face that‚Äôll be most useful when paddling. What apps should i have on the face to get to them easily.  So far I‚Äôm thinking Paddle Logger, maps, phone, and weather. Maybe music?  Anything else that‚Äôs handy to easily access in the water?  Thanks!&lt;/p&gt;
&lt;/div&gt;&lt;!-- SC_ON --&gt;",,,,,,False,True,False,False,False,[],[],False,False,False,False,,[],False,,,,t5_2rbz0,,,,k0bmri,True,,Its_Just_Me_DC,,3,True,all_ads,False,[],False,,/r/Kayaking/comments/k0bmri/apple_watch_tricks/,all_ads,False,https://www.reddit.com/r/Kayaking/comments/k0bmri/apple_watch_tricks/,75417,1606245373.0,0,,False,,,bb863dc2-b7da-11e3-a52d-12313d056a4d,,
,Kayaking,,t2_4l0pvhuz,False,,0,False,,"Changing room at 14th street takeout, Richmond VA",[],r/Kayaking,False,6,dangerous,0,140.0,,False,,t3_jzxhqg,False,dark,0.94,,public,16,0,{},140.0,,False,[],,True,False,,{},,Dangerous,False,16,,False,https://b.thumbs.redditmedia.com/SZWXPgrvnETaLL0zYjhvbSPixc89FG2fpsjyWE7QyTY.jpg,False,,[],{},,False,,1606218384.0,text,6,,,text,i.redd.it,True,,,,,https://i.redd.it/f2dpxq8r04161.png,,False,False,False,False,False,[],[],False,False,False,False,,[],False,,,,t5_2rbz0,,,,jzxhqg,True,,liamsliam123,,9,True,all_ads,False,[],False,,/r/Kayaking/comments/jzxhqg/changing_room_at_14th_street_takeout_richmond_va/,all_ads,False,https://i.redd.it/f2dpxq8r04161.png,75417,1606189584.0,0,,False,image,"{'images': [{'source': {'url': 'https://preview.redd.it/f2dpxq8r04161.png?auto=webp&amp;s=1ddad7d7b9e4da8c1026585c37eba62614396179', 'width': 768, 'height': 1024}, 'resolutions': [{'url': 'https://preview.redd.it/f2dpxq8r04161.png?width=108&amp;crop=smart&amp;auto=webp&amp;s=05dd434f2a704f9d80377bddaf5d206f6bd326fb', 'width': 108, 'height': 144}, {'url': 'https://preview.redd.it/f2dpxq8r04161.png?width=216&amp;crop=smart&amp;auto=webp&amp;s=d4f353ffc06a902983b0b3e027b54d944fa38c88', 'width': 216, 'height': 288}, {'url': 'https://preview.redd.it/f2dpxq8r04161.png?width=320&amp;crop=smart&amp;auto=webp&amp;s=4acbf196f19c7a80585baff2ea8d9046c829730d', 'width': 320, 'height': 426}, {'url': 'https://preview.redd.it/f2dpxq8r04161.png?width=640&amp;crop=smart&amp;auto=webp&amp;s=fe3433a6d0d7244a95a341fac4490d926da4ee86', 'width': 640, 'height': 853}], 'variants': {}, 'id': 'MGexSRxaA_KHQnByuceDppb29hhZXht-uGnQW98uv7s'}], 'enabled': True}",f272bb98-34a8-11e5-9dde-0e550be6a457,,
,Kayaking,,t2_1rdy34w9,False,,0,False,,Lake clean up paddle,[],r/Kayaking,False,6,porn,0,73.0,,False,,t3_jzjxtf,False,dark,0.98,,public,70,0,{},140.0,,False,[],,True,False,,{},,Paddle Porn,False,70,,False,https://b.thumbs.redditmedia.com/diffQpx7GypZskwajNlJsskEv7maxZNfaOs_v7Vgh3w.jpg,False,,[],{},,False,,1606175013.0,text,6,,,text,i.redd.it,False,,,,,https://i.redd.it/1x2tupnsf0161.jpg,,False,False,False,False,False,[],[],False,False,False,False,,[],False,,,,t5_2rbz0,,,,jzjxtf,True,,thisconditionallove,,7,True,all_ads,False,[],False,,/r/Kayaking/comments/jzjxtf/lake_clean_up_paddle/,all_ads,False,https://i.redd.it/1x2tupnsf0161.jpg,75417,1606146213.0,0,,False,image,"{'images': [{'source': {'url': 'https://preview.redd.it/1x2tupnsf0161.jpg?auto=webp&amp;s=39f7794d95d68fa65d6f1030e060bfa7fdc7faa5', 'width': 1080, 'height': 565}, 'resolutions': [{'url': 'https://preview.redd.it/1x2tupnsf0161.jpg?width=108&amp;crop=smart&amp;auto=webp&amp;s=e1772157c51d211cccc6af81a6404ce89a61abc4', 'width': 108, 'height': 56}, {'url': 'https://preview.redd.it/1x2tupnsf0161.jpg?width=216&amp;crop=smart&amp;auto=webp&amp;s=499006309a70d00ebc5b871a8e1c7efdeefafb9c', 'width': 216, 'height': 113}, {'url': 'https://preview.redd.it/1x2tupnsf0161.jpg?width=320&amp;crop=smart&amp;auto=webp&amp;s=b5f75c9c95d932e407d3a73eed18c9d1ef081126', 'width': 320, 'height': 167}, {'url': 'https://preview.redd.it/1x2tupnsf0161.jpg?width=640&amp;crop=smart&amp;auto=webp&amp;s=6d321cb61baa3a8f85fb33530dc835f2717f3ebb', 'width': 640, 'height': 334}, {'url': 'https://preview.redd.it/1x2tupnsf0161.jpg?width=960&amp;crop=smart&amp;auto=webp&amp;s=9d15e38e6c0f670c3caedd36694111156fdc1085', 'width': 960, 'height': 502}, {'url': 'https://preview.redd.it/1x2tupnsf0161.jpg?width=1080&amp;crop=smart&amp;auto=webp&amp;s=db67dd2f50eb1ced7d144bc515f845902183a4f7', 'width': 1080, 'height': 565}], 'variants': {}, 'id': '5QynzN0dKkgYbCJv4FnJ3-2LBcpopqhIDPpQLj6I0rM'}], 'enabled': True}",90773748-b7db-11e3-aba5-12313d056a4d,,
