approved_at_utc,subreddit,selftext,author_fullname,saved,mod_reason_title,gilded,clicked,title,link_flair_richtext,subreddit_name_prefixed,hidden,pwls,link_flair_css_class,downs,thumbnail_height,top_awarded_type,hide_score,name,quarantine,link_flair_text_color,upvote_ratio,author_flair_background_color,subreddit_type,ups,total_awards_received,media_embed,thumbnail_width,author_flair_template_id,is_original_content,user_reports,secure_media,is_reddit_media_domain,is_meta,category,secure_media_embed,link_flair_text,can_mod_post,score,approved_by,author_premium,thumbnail,edited,author_flair_css_class,author_flair_richtext,gildings,content_categories,is_self,mod_note,created,link_flair_type,wls,removed_by_category,banned_by,author_flair_type,domain,allow_live_comments,selftext_html,likes,suggested_sort,banned_at_utc,view_count,archived,no_follow,is_crosspostable,pinned,over_18,all_awardings,awarders,media_only,can_gild,spoiler,locked,author_flair_text,treatment_tags,visited,removed_by,num_reports,distinguished,subreddit_id,mod_reason_by,removal_reason,link_flair_background_color,id,is_robot_indexable,report_reasons,author,discussion_type,num_comments,send_replies,whitelist_status,contest_mode,mod_reports,author_patreon_flair,author_flair_text_color,permalink,parent_whitelist_status,stickied,url,subreddit_subscribers,created_utc,num_crossposts,media,is_video,post_hint,url_overridden_by_dest,preview,link_flair_template_id,crosspost_parent_list,crosspost_parent,is_gallery,media_metadata,gallery_data,poll_data
,surfing,"Bitch and moan and complain away, kooks!",t2_42s11,False,,0,False,The Wednesday Whine,[],r/surfing,False,6,,0,,,False,t3_k0vo41,False,dark,0.87,,public,11,0,{},,,False,[],,False,False,,{},,False,11,,False,self,False,,[],{},,True,,1606351653.0,text,6,,,text,self.surfing,False,"&lt;!-- SC_OFF --&gt;&lt;div class=""md""&gt;&lt;p&gt;Bitch and moan and complain away, kooks!&lt;/p&gt;
&lt;/div&gt;&lt;!-- SC_ON --&gt;",,,,,False,False,False,False,False,[],[],False,False,False,False,Kauai,[],False,,,,t5_2qmde,,,,k0vo41,True,,dumbassthenes,,85,False,all_ads,False,[],False,dark,/r/surfing/comments/k0vo41/the_wednesday_whine/,all_ads,True,https://www.reddit.com/r/surfing/comments/k0vo41/the_wednesday_whine/,98983,1606322853.0,0,,False,,,,,,,,,,
,surfing,,t2_87ku8tvw,False,,0,False,Chip barrel!,[],r/surfing,False,6,,0,140.0,,False,t3_k1456o,False,dark,0.93,,public,280,0,{},140.0,,False,[],,True,False,,{},Shit Post,False,280,,False,https://b.thumbs.redditmedia.com/wB5nGBb-NXq-u49j0vfCJdfiyzSWLudj1akqiFne0sg.jpg,False,,[],{},,False,,1606377456.0,text,6,,,text,i.redd.it,False,,,,,,False,False,False,False,False,[],[],False,False,False,False,,[],False,,,,t5_2qmde,,,,k1456o,True,,SnooMacaroons5214,,20,True,all_ads,False,[],False,,/r/surfing/comments/k1456o/chip_barrel/,all_ads,False,https://i.redd.it/n75ofgno5h161.jpg,98983,1606348656.0,0,,False,image,https://i.redd.it/n75ofgno5h161.jpg,"{'images': [{'source': {'url': 'https://preview.redd.it/n75ofgno5h161.jpg?auto=webp&amp;s=6da3c819a010c9f9d65f89455bdefa5dbdadb0c8', 'width': 3024, 'height': 4032}, 'resolutions': [{'url': 'https://preview.redd.it/n75ofgno5h161.jpg?width=108&amp;crop=smart&amp;auto=webp&amp;s=96badb72c5c561cfa1ce0a802ada48995cab873b', 'width': 108, 'height': 144}, {'url': 'https://preview.redd.it/n75ofgno5h161.jpg?width=216&amp;crop=smart&amp;auto=webp&amp;s=00303fbfae876e57f63a89bfe63b780f0beb5a1d', 'width': 216, 'height': 288}, {'url': 'https://preview.redd.it/n75ofgno5h161.jpg?width=320&amp;crop=smart&amp;auto=webp&amp;s=0f0a094218c018cbbabc309646ff60e04bae79b7', 'width': 320, 'height': 426}, {'url': 'https://preview.redd.it/n75ofgno5h161.jpg?width=640&amp;crop=smart&amp;auto=webp&amp;s=97ee44d01478f5902bf88983cc8a3bc5b3d17ef6', 'width': 640, 'height': 853}, {'url': 'https://preview.redd.it/n75ofgno5h161.jpg?width=960&amp;crop=smart&amp;auto=webp&amp;s=b8668f526c74cf4a0ad4375ea540dab220185940', 'width': 960, 'height': 1280}, {'url': 'https://preview.redd.it/n75ofgno5h161.jpg?width=1080&amp;crop=smart&amp;auto=webp&amp;s=5a48e5f746f9b10ffed07a5db9724de65295dfa9', 'width': 1080, 'height': 1440}], 'variants': {}, 'id': 'H49HKnYC1NeWQsb18DbrPvvDjUOgQgls6hfMCJqyRds'}], 'enabled': True}",4012be6c-8e7a-11e6-aef0-0e41ffa1e583,,,,,,
,surfing,,t2_45t5yssd,False,,0,False,"The crowd watching the historic Nazaré few weeks ago (on film camera, cause i’m a hip surf dude unlike you digital plebs). Some say there were 20k people out there",[],r/surfing,False,6,,0,93.0,,False,t3_k0tgxu,False,dark,0.97,,public,425,1,{},140.0,,False,[],,True,False,,{},,False,425,,False,https://b.thumbs.redditmedia.com/Kl13wYGXeyPpTSYJ7bxwZe1sKZMp7cEEgtFLpOReyBU.jpg,False,,[],{'gid_1': 1},,False,,1606344543.0,text,6,,,text,i.redd.it,False,,,,,,False,False,False,False,False,"[{'giver_coin_reward': None, 'subreddit_id': None, 'is_new': False, 'days_of_drip_extension': 0, 'coin_price': 100, 'id': 'gid_1', 'penny_donate': None, 'award_sub_type': 'GLOBAL', 'coin_reward': 0, 'icon_url': 'https://www.redditstatic.com/gold/awards/icon/silver_512.png', 'days_of_premium': 0, 'tiers_by_required_awardings': None, 'resized_icons': [{'url': 'https://www.redditstatic.com/gold/awards/icon/silver_16.png', 'width': 16, 'height': 16}, {'url': 'https://www.redditstatic.com/gold/awards/icon/silver_32.png', 'width': 32, 'height': 32}, {'url': 'https://www.redditstatic.com/gold/awards/icon/silver_48.png', 'width': 48, 'height': 48}, {'url': 'https://www.redditstatic.com/gold/awards/icon/silver_64.png', 'width': 64, 'height': 64}, {'url': 'https://www.redditstatic.com/gold/awards/icon/silver_128.png', 'width': 128, 'height': 128}], 'icon_width': 512, 'static_icon_width': 512, 'start_date': None, 'is_enabled': True, 'awardings_required_to_grant_benefits': None, 'description': ""Shows the Silver Award... and that's it."", 'end_date': None, 'subreddit_coin_reward': 0, 'count': 1, 'static_icon_height': 512, 'name': 'Silver', 'resized_static_icons': [{'url': 'https://www.redditstatic.com/gold/awards/icon/silver_16.png', 'width': 16, 'height': 16}, {'url': 'https://www.redditstatic.com/gold/awards/icon/silver_32.png', 'width': 32, 'height': 32}, {'url': 'https://www.redditstatic.com/gold/awards/icon/silver_48.png', 'width': 48, 'height': 48}, {'url': 'https://www.redditstatic.com/gold/awards/icon/silver_64.png', 'width': 64, 'height': 64}, {'url': 'https://www.redditstatic.com/gold/awards/icon/silver_128.png', 'width': 128, 'height': 128}], 'icon_format': None, 'icon_height': 512, 'penny_price': None, 'award_type': 'global', 'static_icon_url': 'https://www.redditstatic.com/gold/awards/icon/silver_512.png'}]",[],False,False,False,False,,[],False,,,,t5_2qmde,,,,k0tgxu,True,,hidemelon,,44,True,all_ads,False,[],False,,/r/surfing/comments/k0tgxu/the_crowd_watching_the_historic_nazaré_few_weeks/,all_ads,False,https://i.redd.it/y7p8jn1rfe161.jpg,98983,1606315743.0,0,,False,image,https://i.redd.it/y7p8jn1rfe161.jpg,"{'images': [{'source': {'url': 'https://preview.redd.it/y7p8jn1rfe161.jpg?auto=webp&amp;s=4066b114dbc2d72b17599b6b19d66bfefe13ef19', 'width': 3637, 'height': 2432}, 'resolutions': [{'url': 'https://preview.redd.it/y7p8jn1rfe161.jpg?width=108&amp;crop=smart&amp;auto=webp&amp;s=0350958a6360916d5698f22bef7b94659172ac03', 'width': 108, 'height': 72}, {'url': 'https://preview.redd.it/y7p8jn1rfe161.jpg?width=216&amp;crop=smart&amp;auto=webp&amp;s=ca0cc4ef6859f90bb53dd0eae6f2a50b9d5edba6', 'width': 216, 'height': 144}, {'url': 'https://preview.redd.it/y7p8jn1rfe161.jpg?width=320&amp;crop=smart&amp;auto=webp&amp;s=f676aa24354aa052e13837af3e9515cb3971d6fa', 'width': 320, 'height': 213}, {'url': 'https://preview.redd.it/y7p8jn1rfe161.jpg?width=640&amp;crop=smart&amp;auto=webp&amp;s=3e651ede718098b17ad0d3e91d6a4edeed214b95', 'width': 640, 'height': 427}, {'url': 'https://preview.redd.it/y7p8jn1rfe161.jpg?width=960&amp;crop=smart&amp;auto=webp&amp;s=3acb4965783de68b7285bbc76e6c21618d66f448', 'width': 960, 'height': 641}, {'url': 'https://preview.redd.it/y7p8jn1rfe161.jpg?width=1080&amp;crop=smart&amp;auto=webp&amp;s=f870524bd403f33362454e80dada3ba170a50474', 'width': 1080, 'height': 722}], 'variants': {}, 'id': 'TEo9zfKP-pvb-ktXJvBD5DLhC5HGO8Bs_T9Hv76mm7s'}], 'enabled': True}",,,,,,,
,surfing,,t2_31b7ksg,False,,0,False,SF sessions being had,[],r/surfing,False,6,,0,140.0,,False,t3_k131xu,False,dark,0.96,,public,84,0,{},140.0,,False,[],,True,False,,{},,False,84,,False,https://a.thumbs.redditmedia.com/T6BjsBW92UK-0qTb_mb0Vth5_wquDyBIfby3KZexXs4.jpg,False,,[],{},,False,,1606373811.0,text,6,,,text,i.redd.it,True,,,,,,False,False,False,False,False,[],[],False,False,False,False,,[],False,,,,t5_2qmde,,,,k131xu,True,,170iriderinsf,,25,True,all_ads,False,[],False,,/r/surfing/comments/k131xu/sf_sessions_being_had/,all_ads,False,https://i.redd.it/zgq7f2owug161.jpg,98983,1606345011.0,0,,False,image,https://i.redd.it/zgq7f2owug161.jpg,"{'images': [{'source': {'url': 'https://preview.redd.it/zgq7f2owug161.jpg?auto=webp&amp;s=fc6daea49667e89ba6cf2d02dfdedec6d62434f7', 'width': 640, 'height': 854}, 'resolutions': [{'url': 'https://preview.redd.it/zgq7f2owug161.jpg?width=108&amp;crop=smart&amp;auto=webp&amp;s=611549317c8d1c0a4a6ffc4372901aae6835103b', 'width': 108, 'height': 144}, {'url': 'https://preview.redd.it/zgq7f2owug161.jpg?width=216&amp;crop=smart&amp;auto=webp&amp;s=fa8396e47f3f95cffe4f614df89dfb7c91f0209a', 'width': 216, 'height': 288}, {'url': 'https://preview.redd.it/zgq7f2owug161.jpg?width=320&amp;crop=smart&amp;auto=webp&amp;s=af7bac787263ca440caa21f5fc29518dad5d490c', 'width': 320, 'height': 427}, {'url': 'https://preview.redd.it/zgq7f2owug161.jpg?width=640&amp;crop=smart&amp;auto=webp&amp;s=5ab5222e90fa614ed6bc2a302aa4f4f53f2f6695', 'width': 640, 'height': 854}], 'variants': {}, 'id': 'LvHMtfq8UNM7JtpGMvPfq9k3aWN7G-vruE3iQQbIBac'}], 'enabled': True}",,,,,,,
,surfing,"TLDR; Don’t leave your car key unsecured hidden in your car!

We were surfing today at Zuma by Malibu, and apparently there is a sophisticated crime ring targeting surfers.

While we were gone surfing, they found the hidden car key, stole our wallet, phone, keys, locked the car to give them more time to commit fraud, and made a getaway. They charged thousands of dollars. The tow truck driver who helped unlock and tow the car said this is happening EVERY DAY in Malibu, Ventura, and more. They are targeting surfers who leave their key hidden in their cars.

Another surfer had his nice Jeep stolen today at the same time our car was broken into. 

Lesson learned for us. Spend a bit of money to get a lock for your key, and don’t try to hide the key somewhere on your car frame! Hope it doesn’t happen to anyone else.",t2_69n9hzni,False,,0,False,Surfers being robbed - Malibu,[],r/surfing,False,6,,0,,,False,t3_k165ix,False,dark,0.95,,public,20,0,{},,,False,[],,False,False,,{},,False,20,,False,self,False,,[],{},,True,,1606385044.0,text,6,,,text,self.surfing,False,"&lt;!-- SC_OFF --&gt;&lt;div class=""md""&gt;&lt;p&gt;TLDR; Don’t leave your car key unsecured hidden in your car!&lt;/p&gt;

&lt;p&gt;We were surfing today at Zuma by Malibu, and apparently there is a sophisticated crime ring targeting surfers.&lt;/p&gt;

&lt;p&gt;While we were gone surfing, they found the hidden car key, stole our wallet, phone, keys, locked the car to give them more time to commit fraud, and made a getaway. They charged thousands of dollars. The tow truck driver who helped unlock and tow the car said this is happening EVERY DAY in Malibu, Ventura, and more. They are targeting surfers who leave their key hidden in their cars.&lt;/p&gt;

&lt;p&gt;Another surfer had his nice Jeep stolen today at the same time our car was broken into. &lt;/p&gt;

&lt;p&gt;Lesson learned for us. Spend a bit of money to get a lock for your key, and don’t try to hide the key somewhere on your car frame! Hope it doesn’t happen to anyone else.&lt;/p&gt;
&lt;/div&gt;&lt;!-- SC_ON --&gt;",,,,,False,False,False,False,False,[],[],False,False,False,False,,[],False,,,,t5_2qmde,,,,k165ix,True,,wageslavewealth,,14,True,all_ads,False,[],False,,/r/surfing/comments/k165ix/surfers_being_robbed_malibu/,all_ads,False,https://www.reddit.com/r/surfing/comments/k165ix/surfers_being_robbed_malibu/,98983,1606356244.0,0,,False,,,,,,,,,,
,surfing,,t2_1h1wz3mz,False,,0,False,Turn your longboard into a fish with these two simple tricks,[],r/surfing,False,6,,0,105.0,,False,t3_k16jf1,False,dark,0.92,,public,11,0,{},140.0,,False,[],,True,False,,{},,False,11,,False,https://a.thumbs.redditmedia.com/JrfpsrOrR-q_hYZTCkbntj6z6UNSBPIbOOueAz5hKX0.jpg,False,,[],{},,False,,1606386529.0,text,6,,,text,i.redd.it,False,,,,,,False,False,False,False,False,[],[],False,False,False,False,,[],False,,,,t5_2qmde,,,,k16jf1,True,,J5surf,,2,True,all_ads,False,[],False,,/r/surfing/comments/k16jf1/turn_your_longboard_into_a_fish_with_these_two/,all_ads,False,https://i.redd.it/znwkdsrawh161.jpg,98983,1606357729.0,0,,False,image,https://i.redd.it/znwkdsrawh161.jpg,"{'images': [{'source': {'url': 'https://preview.redd.it/znwkdsrawh161.jpg?auto=webp&amp;s=1773781512f770d013ff6d9a6095cf5131b456c1', 'width': 1008, 'height': 756}, 'resolutions': [{'url': 'https://preview.redd.it/znwkdsrawh161.jpg?width=108&amp;crop=smart&amp;auto=webp&amp;s=680f529834a800656649bde028c10f931497ee6b', 'width': 108, 'height': 81}, {'url': 'https://preview.redd.it/znwkdsrawh161.jpg?width=216&amp;crop=smart&amp;auto=webp&amp;s=322b4bd33826d0c9d2f27ca54d89491dc7493444', 'width': 216, 'height': 162}, {'url': 'https://preview.redd.it/znwkdsrawh161.jpg?width=320&amp;crop=smart&amp;auto=webp&amp;s=9483c3bbb94698c7fd412ec0db3fcf30266dc9d0', 'width': 320, 'height': 240}, {'url': 'https://preview.redd.it/znwkdsrawh161.jpg?width=640&amp;crop=smart&amp;auto=webp&amp;s=f37b7eee033db54b82b506f61dc702d1f4488ff8', 'width': 640, 'height': 480}, {'url': 'https://preview.redd.it/znwkdsrawh161.jpg?width=960&amp;crop=smart&amp;auto=webp&amp;s=1d5edf1f6dd6269b8356db4690e7a00ff36c7ed8', 'width': 960, 'height': 720}], 'variants': {}, 'id': 'eThWkiJQU4cAKSBXRLh-1qLFesO4WkSsxgpnBs0UIP0'}], 'enabled': True}",,,,,,,
,surfing,"I’ve been surfing solid waves for a while now (12ft faces commonly and the biggest wave I’ve caught was between a 15-20 ft face) and I can hold my breath for 2 minutes and 45 seconds. However, going out in surf bigger than 20ft faces is kind of a mental barrier for me. I’m getting a board for it (9’8 gun) and I live in a place where I have relatively frequent access to waves of that size. 

My question is, how long should I be able to hold my breath before I paddle out in XL surf?",t2_8ku2it0k,False,,0,False,Breath hold,[],r/surfing,False,6,,0,,,False,t3_k18871,False,dark,0.81,,public,6,0,{},,,False,[],,False,False,,{},,False,6,,False,self,False,,[],{},,True,,1606393316.0,text,6,,,text,self.surfing,False,"&lt;!-- SC_OFF --&gt;&lt;div class=""md""&gt;&lt;p&gt;I’ve been surfing solid waves for a while now (12ft faces commonly and the biggest wave I’ve caught was between a 15-20 ft face) and I can hold my breath for 2 minutes and 45 seconds. However, going out in surf bigger than 20ft faces is kind of a mental barrier for me. I’m getting a board for it (9’8 gun) and I live in a place where I have relatively frequent access to waves of that size. &lt;/p&gt;

&lt;p&gt;My question is, how long should I be able to hold my breath before I paddle out in XL surf?&lt;/p&gt;
&lt;/div&gt;&lt;!-- SC_ON --&gt;",,,,,False,False,False,False,False,[],[],False,False,False,False,,[],False,,,,t5_2qmde,,,,k18871,True,,KnxwN0th1n,,12,True,all_ads,False,[],False,,/r/surfing/comments/k18871/breath_hold/,all_ads,False,https://www.reddit.com/r/surfing/comments/k18871/breath_hold/,98983,1606364516.0,0,,False,,,,,,,,,,
,surfing,"Went bodysurfing with some friends a few days ago, it was a big shorebreak and we were having a blast getting worked by the waves. We drive back to the city, I drain my nose in the shower once I get back to my dorm. Later that evening, I head over to a girl I’ve been seeing for a few days place to spend the night.

I get over there, and eventually things end up getting frisky. I’m on top of her and I feel a sudden release of pressure in my sinuses, turns out I didn’t get all the water out from earlier. She gets a shot of snotty saltwater all over her face, I profusely apologize while dying laughing and looking for a towel. 

Anyone else have a similar experience?",t2_xdhjk,False,,0,False,Ever get surfers nose at the worst possible time?,[],r/surfing,False,6,,0,,,False,t3_k0yqv4,False,dark,0.94,,public,30,0,{},,,False,[],,False,False,,{},,False,30,,False,self,False,,[],{},,True,,1606360582.0,text,6,,,text,self.surfing,False,"&lt;!-- SC_OFF --&gt;&lt;div class=""md""&gt;&lt;p&gt;Went bodysurfing with some friends a few days ago, it was a big shorebreak and we were having a blast getting worked by the waves. We drive back to the city, I drain my nose in the shower once I get back to my dorm. Later that evening, I head over to a girl I’ve been seeing for a few days place to spend the night.&lt;/p&gt;

&lt;p&gt;I get over there, and eventually things end up getting frisky. I’m on top of her and I feel a sudden release of pressure in my sinuses, turns out I didn’t get all the water out from earlier. She gets a shot of snotty saltwater all over her face, I profusely apologize while dying laughing and looking for a towel. &lt;/p&gt;

&lt;p&gt;Anyone else have a similar experience?&lt;/p&gt;
&lt;/div&gt;&lt;!-- SC_ON --&gt;",,,,,False,False,False,False,False,[],[],False,False,False,False,,[],False,,,,t5_2qmde,,,,k0yqv4,True,,ironicmemes,,17,True,all_ads,False,[],False,,/r/surfing/comments/k0yqv4/ever_get_surfers_nose_at_the_worst_possible_time/,all_ads,False,https://www.reddit.com/r/surfing/comments/k0yqv4/ever_get_surfers_nose_at_the_worst_possible_time/,98983,1606331782.0,0,,False,,,,,,,,,,
,surfing,,t2_12zv96,False,,0,False,oh no,[],r/surfing,False,6,,0,114.0,,False,t3_k0ar3z,False,dark,0.99,,public,1221,5,{},140.0,,False,[],,True,False,,{},,False,1221,,False,https://b.thumbs.redditmedia.com/ktUFP06WjDSgftR3QnVqteLpnKTolLsccqGWLOh90Gk.jpg,False,,[],{'gid_1': 1},,False,,1606271618.0,text,6,,,text,i.redd.it,False,,,,,,False,False,False,False,False,"[{'giver_coin_reward': None, 'subreddit_id': None, 'is_new': False, 'days_of_drip_extension': 0, 'coin_price': 300, 'id': 'award_28e8196b-d4e9-45bc-b612-cd4c7d3ed4b3', 'penny_donate': None, 'award_sub_type': 'GLOBAL', 'coin_reward': 0, 'icon_url': 'https://i.redd.it/award_images/t5_22cerq/94pn64yuas941_RocketLike.png', 'days_of_premium': 0, 'tiers_by_required_awardings': None, 'resized_icons': [{'url': 'https://preview.redd.it/award_images/t5_22cerq/94pn64yuas941_RocketLike.png?width=16&amp;height=16&amp;auto=webp&amp;s=c1400eb6ea235d0c96c3aa6e271c71d7f339cbd4', 'width': 16, 'height': 16}, {'url': 'https://preview.redd.it/award_images/t5_22cerq/94pn64yuas941_RocketLike.png?width=32&amp;height=32&amp;auto=webp&amp;s=77ad345b2f9b062140e028764394594326771a17', 'width': 32, 'height': 32}, {'url': 'https://preview.redd.it/award_images/t5_22cerq/94pn64yuas941_RocketLike.png?width=48&amp;height=48&amp;auto=webp&amp;s=5b5211166e4b260311ad9f3ea31d3b815110769c', 'width': 48, 'height': 48}, {'url': 'https://preview.redd.it/award_images/t5_22cerq/94pn64yuas941_RocketLike.png?width=64&amp;height=64&amp;auto=webp&amp;s=bf3a2c642ad50547087d770c65c29777970d3af3', 'width': 64, 'height': 64}, {'url': 'https://preview.redd.it/award_images/t5_22cerq/94pn64yuas941_RocketLike.png?width=128&amp;height=128&amp;auto=webp&amp;s=eae06d6a70c62c78dc66cb14f2a84651cb822cc4', 'width': 128, 'height': 128}], 'icon_width': 2048, 'static_icon_width': 2048, 'start_date': None, 'is_enabled': True, 'awardings_required_to_grant_benefits': None, 'description': ""When an upvote just isn't enough, smash the Rocket Like."", 'end_date': None, 'subreddit_coin_reward': 0, 'count': 3, 'static_icon_height': 2048, 'name': 'Rocket Like', 'resized_static_icons': [{'url': 'https://preview.redd.it/award_images/t5_22cerq/94pn64yuas941_RocketLike.png?width=16&amp;height=16&amp;auto=webp&amp;s=c1400eb6ea235d0c96c3aa6e271c71d7f339cbd4', 'width': 16, 'height': 16}, {'url': 'https://preview.redd.it/award_images/t5_22cerq/94pn64yuas941_RocketLike.png?width=32&amp;height=32&amp;auto=webp&amp;s=77ad345b2f9b062140e028764394594326771a17', 'width': 32, 'height': 32}, {'url': 'https://preview.redd.it/award_images/t5_22cerq/94pn64yuas941_RocketLike.png?width=48&amp;height=48&amp;auto=webp&amp;s=5b5211166e4b260311ad9f3ea31d3b815110769c', 'width': 48, 'height': 48}, {'url': 'https://preview.redd.it/award_images/t5_22cerq/94pn64yuas941_RocketLike.png?width=64&amp;height=64&amp;auto=webp&amp;s=bf3a2c642ad50547087d770c65c29777970d3af3', 'width': 64, 'height': 64}, {'url': 'https://preview.redd.it/award_images/t5_22cerq/94pn64yuas941_RocketLike.png?width=128&amp;height=128&amp;auto=webp&amp;s=eae06d6a70c62c78dc66cb14f2a84651cb822cc4', 'width': 128, 'height': 128}], 'icon_format': None, 'icon_height': 2048, 'penny_price': None, 'award_type': 'global', 'static_icon_url': 'https://i.redd.it/award_images/t5_22cerq/94pn64yuas941_RocketLike.png'}, {'giver_coin_reward': None, 'subreddit_id': None, 'is_new': False, 'days_of_drip_extension': 0, 'coin_price': 100, 'id': 'gid_1', 'penny_donate': None, 'award_sub_type': 'GLOBAL', 'coin_reward': 0, 'icon_url': 'https://www.redditstatic.com/gold/awards/icon/silver_512.png', 'days_of_premium': 0, 'tiers_by_required_awardings': None, 'resized_icons': [{'url': 'https://www.redditstatic.com/gold/awards/icon/silver_16.png', 'width': 16, 'height': 16}, {'url': 'https://www.redditstatic.com/gold/awards/icon/silver_32.png', 'width': 32, 'height': 32}, {'url': 'https://www.redditstatic.com/gold/awards/icon/silver_48.png', 'width': 48, 'height': 48}, {'url': 'https://www.redditstatic.com/gold/awards/icon/silver_64.png', 'width': 64, 'height': 64}, {'url': 'https://www.redditstatic.com/gold/awards/icon/silver_128.png', 'width': 128, 'height': 128}], 'icon_width': 512, 'static_icon_width': 512, 'start_date': None, 'is_enabled': True, 'awardings_required_to_grant_benefits': None, 'description': ""Shows the Silver Award... and that's it."", 'end_date': None, 'subreddit_coin_reward': 0, 'count': 1, 'static_icon_height': 512, 'name': 'Silver', 'resized_static_icons': [{'url': 'https://www.redditstatic.com/gold/awards/icon/silver_16.png', 'width': 16, 'height': 16}, {'url': 'https://www.redditstatic.com/gold/awards/icon/silver_32.png', 'width': 32, 'height': 32}, {'url': 'https://www.redditstatic.com/gold/awards/icon/silver_48.png', 'width': 48, 'height': 48}, {'url': 'https://www.redditstatic.com/gold/awards/icon/silver_64.png', 'width': 64, 'height': 64}, {'url': 'https://www.redditstatic.com/gold/awards/icon/silver_128.png', 'width': 128, 'height': 128}], 'icon_format': None, 'icon_height': 512, 'penny_price': None, 'award_type': 'global', 'static_icon_url': 'https://www.redditstatic.com/gold/awards/icon/silver_512.png'}, {'giver_coin_reward': 0, 'subreddit_id': None, 'is_new': False, 'days_of_drip_extension': 0, 'coin_price': 80, 'id': 'award_8352bdff-3e03-4189-8a08-82501dd8f835', 'penny_donate': 0, 'award_sub_type': 'GLOBAL', 'coin_reward': 0, 'icon_url': 'https://i.redd.it/award_images/t5_22cerq/niiatoknifn51_Hugz.png', 'days_of_premium': 0, 'tiers_by_required_awardings': None, 'resized_icons': [{'url': 'https://preview.redd.it/award_images/t5_22cerq/niiatoknifn51_Hugz.png?width=16&amp;height=16&amp;auto=webp&amp;s=85b1aa61933f163dd2b77b1e78f4d82d9c947ec1', 'width': 16, 'height': 16}, {'url': 'https://preview.redd.it/award_images/t5_22cerq/niiatoknifn51_Hugz.png?width=32&amp;height=32&amp;auto=webp&amp;s=67935636337b07ca5b98d945f4bcdae26e5f567e', 'width': 32, 'height': 32}, {'url': 'https://preview.redd.it/award_images/t5_22cerq/niiatoknifn51_Hugz.png?width=48&amp;height=48&amp;auto=webp&amp;s=547d5fb33f5a4a5d6fc154cbd658638cc2b1c3a0', 'width': 48, 'height': 48}, {'url': 'https://preview.redd.it/award_images/t5_22cerq/niiatoknifn51_Hugz.png?width=64&amp;height=64&amp;auto=webp&amp;s=e17bc331183e7ba194314a34e43b35460a835fff', 'width': 64, 'height': 64}, {'url': 'https://preview.redd.it/award_images/t5_22cerq/niiatoknifn51_Hugz.png?width=128&amp;height=128&amp;auto=webp&amp;s=1b4e617f18af8d4e2c47c2f154d4422be43c809f', 'width': 128, 'height': 128}], 'icon_width': 2048, 'static_icon_width': 2048, 'start_date': None, 'is_enabled': True, 'awardings_required_to_grant_benefits': None, 'description': 'Everything is better with a good hug', 'end_date': None, 'subreddit_coin_reward': 0, 'count': 1, 'static_icon_height': 2048, 'name': 'Hugz', 'resized_static_icons': [{'url': 'https://preview.redd.it/award_images/t5_22cerq/niiatoknifn51_Hugz.png?width=16&amp;height=16&amp;auto=webp&amp;s=85b1aa61933f163dd2b77b1e78f4d82d9c947ec1', 'width': 16, 'height': 16}, {'url': 'https://preview.redd.it/award_images/t5_22cerq/niiatoknifn51_Hugz.png?width=32&amp;height=32&amp;auto=webp&amp;s=67935636337b07ca5b98d945f4bcdae26e5f567e', 'width': 32, 'height': 32}, {'url': 'https://preview.redd.it/award_images/t5_22cerq/niiatoknifn51_Hugz.png?width=48&amp;height=48&amp;auto=webp&amp;s=547d5fb33f5a4a5d6fc154cbd658638cc2b1c3a0', 'width': 48, 'height': 48}, {'url': 'https://preview.redd.it/award_images/t5_22cerq/niiatoknifn51_Hugz.png?width=64&amp;height=64&amp;auto=webp&amp;s=e17bc331183e7ba194314a34e43b35460a835fff', 'width': 64, 'height': 64}, {'url': 'https://preview.redd.it/award_images/t5_22cerq/niiatoknifn51_Hugz.png?width=128&amp;height=128&amp;auto=webp&amp;s=1b4e617f18af8d4e2c47c2f154d4422be43c809f', 'width': 128, 'height': 128}], 'icon_format': 'PNG', 'icon_height': 2048, 'penny_price': 0, 'award_type': 'global', 'static_icon_url': 'https://i.redd.it/award_images/t5_22cerq/niiatoknifn51_Hugz.png'}]",[],False,False,False,False,,[],False,,,,t5_2qmde,,,,k0ar3z,True,,007_Shantytown,,42,True,all_ads,False,[],False,,/r/surfing/comments/k0ar3z/oh_no/,all_ads,False,https://i.redd.it/2op4u3x1f8161.jpg,98983,1606242818.0,0,,False,image,https://i.redd.it/2op4u3x1f8161.jpg,"{'images': [{'source': {'url': 'https://preview.redd.it/2op4u3x1f8161.jpg?auto=webp&amp;s=6197d2f514be8db983e54319af4c0efe6b635140', 'width': 761, 'height': 620}, 'resolutions': [{'url': 'https://preview.redd.it/2op4u3x1f8161.jpg?width=108&amp;crop=smart&amp;auto=webp&amp;s=ae586f9753365c8254c19568697ff9fdcc1e14db', 'width': 108, 'height': 87}, {'url': 'https://preview.redd.it/2op4u3x1f8161.jpg?width=216&amp;crop=smart&amp;auto=webp&amp;s=4bbf175eac713e7d76a0f2fbcc4c84c8001f801a', 'width': 216, 'height': 175}, {'url': 'https://preview.redd.it/2op4u3x1f8161.jpg?width=320&amp;crop=smart&amp;auto=webp&amp;s=873e20f5b410f0843e26fe92c55b6cb5cfe6e93e', 'width': 320, 'height': 260}, {'url': 'https://preview.redd.it/2op4u3x1f8161.jpg?width=640&amp;crop=smart&amp;auto=webp&amp;s=4515d467e1f97253840bb00f39554cd2c718bf14', 'width': 640, 'height': 521}], 'variants': {}, 'id': 'deVjOej70AAO4Q9LYsBeYnP2cLHSmFrJJ1KZ3GEUZDQ'}], 'enabled': True}",,,,,,,
,surfing,"Planning to put a 6'10 midlength inside a 7' bag (yet to be purchased).  Problem is this bag doesn't have a fin slot, but the board has an 8.75"" fin.  Have anyone tried stuffing board &amp; fin this size in a similar bag?  Or will I be forced to remove the fin every time?",t2_2s66zbs2,False,,0,False,Surfboard bag with no fin slot for a midlength,[],r/surfing,False,6,,0,,,False,t3_k184n7,False,dark,0.75,,public,2,0,{},,,False,[],,False,False,,{},,False,2,,False,self,False,,[],{},,True,,1606392896.0,text,6,,,text,self.surfing,False,"&lt;!-- SC_OFF --&gt;&lt;div class=""md""&gt;&lt;p&gt;Planning to put a 6&amp;#39;10 midlength inside a 7&amp;#39; bag (yet to be purchased).  Problem is this bag doesn&amp;#39;t have a fin slot, but the board has an 8.75&amp;quot; fin.  Have anyone tried stuffing board &amp;amp; fin this size in a similar bag?  Or will I be forced to remove the fin every time?&lt;/p&gt;
&lt;/div&gt;&lt;!-- SC_ON --&gt;",,,,,False,False,False,False,False,[],[],False,False,False,False,,[],False,,,,t5_2qmde,,,,k184n7,True,,bayareasurfer,,5,True,all_ads,False,[],False,,/r/surfing/comments/k184n7/surfboard_bag_with_no_fin_slot_for_a_midlength/,all_ads,False,https://www.reddit.com/r/surfing/comments/k184n7/surfboard_bag_with_no_fin_slot_for_a_midlength/,98983,1606364096.0,0,,False,,,,,,,,,,
,surfing,,t2_6138s66q,False,,0,False,The Alaskan Pororoca,[],r/surfing,False,6,,0,140.0,,False,t3_k0w7oq,False,dark,0.89,,public,14,0,{},140.0,,False,[],,True,False,,{},,False,14,,False,https://b.thumbs.redditmedia.com/uKripQ3lzSB0Hy-A3Jnjhk5VQbFK70LIx0-QTMT1u5c.jpg,False,,[],{},,False,,1606353252.0,text,6,,,text,v.redd.it,False,,,,,,False,False,False,False,False,[],[],False,False,False,False,,[],False,,,,t5_2qmde,,,,k0w7oq,True,,Staropramen150,,2,True,all_ads,False,[],False,,/r/surfing/comments/k0w7oq/the_alaskan_pororoca/,all_ads,False,https://v.redd.it/vemflkcpve161,98983,1606324452.0,0,,False,link,https://v.redd.it/vemflkcpve161,"{'images': [{'source': {'url': 'https://external-preview.redd.it/qEILaRuZ_eCyktWonDHG6ZiaQ8YmNSXipWSHq4vjTTo.png?auto=webp&amp;s=4f3cc57aac0bf3d6d4370b06889ea95d4ef87fb8', 'width': 720, 'height': 1280}, 'resolutions': [{'url': 'https://external-preview.redd.it/qEILaRuZ_eCyktWonDHG6ZiaQ8YmNSXipWSHq4vjTTo.png?width=108&amp;crop=smart&amp;auto=webp&amp;s=56566348ca0d92f9b8d67250cfcbdeb07ad15867', 'width': 108, 'height': 192}, {'url': 'https://external-preview.redd.it/qEILaRuZ_eCyktWonDHG6ZiaQ8YmNSXipWSHq4vjTTo.png?width=216&amp;crop=smart&amp;auto=webp&amp;s=43d67bf41f4c9b66833e3d3451c3cd3cf6e85b26', 'width': 216, 'height': 384}, {'url': 'https://external-preview.redd.it/qEILaRuZ_eCyktWonDHG6ZiaQ8YmNSXipWSHq4vjTTo.png?width=320&amp;crop=smart&amp;auto=webp&amp;s=bcada8e8d7b58ea16e67638879414b6e15eba25f', 'width': 320, 'height': 568}, {'url': 'https://external-preview.redd.it/qEILaRuZ_eCyktWonDHG6ZiaQ8YmNSXipWSHq4vjTTo.png?width=640&amp;crop=smart&amp;auto=webp&amp;s=266f3f1cff6d2d7bc71876774f3d775eb19d5f75', 'width': 640, 'height': 1137}], 'variants': {}, 'id': '_GBmuqmS292jn-EMs-XnjXeFyNGuCSINMHU4Ly1EUww'}], 'enabled': False}",,"[{'approved_at_utc': None, 'subreddit': 'alaska', 'selftext': '', 'author_fullname': 't2_8ntdax1r', 'saved': False, 'mod_reason_title': None, 'gilded': 0, 'clicked': False, 'title': 'Alaskans surfing the bore tide along the Seward highway. Only wish I had a better camera on me at the time.', 'link_flair_richtext': [], 'subreddit_name_prefixed': 'r/alaska', 'hidden': False, 'pwls': 6, 'link_flair_css_class': None, 'downs': 0, 'thumbnail_height': 140, 'top_awarded_type': None, 'hide_score': False, 'name': 't3_k0v3lp', 'quarantine': False, 'link_flair_text_color': 'dark', 'upvote_ratio': 0.99, 'author_flair_background_color': None, 'subreddit_type': 'public', 'ups': 333, 'total_awards_received': 1, 'media_embed': {}, 'thumbnail_width': 140, 'author_flair_template_id': None, 'is_original_content': False, 'user_reports': [], 'secure_media': {'reddit_video': {'bitrate_kbps': 4800, 'fallback_url': 'https://v.redd.it/vemflkcpve161/DASH_1080.mp4?source=fallback', 'height': 1080, 'width': 607, 'scrubber_media_url': 'https://v.redd.it/vemflkcpve161/DASH_96.mp4', 'dash_url': 'https://v.redd.it/vemflkcpve161/DASHPlaylist.mpd?a=1608966980%2CMWEyZmEyODA1ODA5OWFiNTQ5MWNmMDg1NWExOTUwOTg0OTcyNmY3ZGIwZmRlN2RhMWM3MTQ5ZTllZWU5MmQzOA%3D%3D&amp;v=1&amp;f=sd', 'duration': 10, 'hls_url': 'https://v.redd.it/vemflkcpve161/HLSPlaylist.m3u8?a=1608966980%2CNWYxMzBjZGRhZGM4NDdlOGE2NWU0MWIxOWQwMTQwNmZkNzc0ZjI1YzMxYzZhNjM1YmYxMzRiZDQ0ZGMyZDk5ZA%3D%3D&amp;v=1&amp;f=sd', 'is_gif': False, 'transcoding_status': 'completed'}}, 'is_reddit_media_domain': True, 'is_meta': False, 'category': None, 'secure_media_embed': {}, 'link_flair_text': None, 'can_mod_post': False, 'score': 333, 'approved_by': None, 'author_premium': False, 'thumbnail': 'https://b.thumbs.redditmedia.com/uKripQ3lzSB0Hy-A3Jnjhk5VQbFK70LIx0-QTMT1u5c.jpg', 'edited': False, 'author_flair_css_class': None, 'author_flair_richtext': [], 'gildings': {}, 'post_hint': 'hosted:video', 'content_categories': None, 'is_self': False, 'mod_note': None, 'created': 1606349918.0, 'link_flair_type': 'text', 'wls': 6, 'removed_by_category': None, 'banned_by': None, 'author_flair_type': 'text', 'domain': 'v.redd.it', 'allow_live_comments': False, 'selftext_html': None, 'likes': None, 'suggested_sort': None, 'banned_at_utc': None, 'url_overridden_by_dest': 'https://v.redd.it/vemflkcpve161', 'view_count': None, 'archived': False, 'no_follow': False, 'is_crosspostable': False, 'pinned': False, 'over_18': False, 'preview': {'images': [{'source': {'url': 'https://external-preview.redd.it/qEILaRuZ_eCyktWonDHG6ZiaQ8YmNSXipWSHq4vjTTo.png?format=pjpg&amp;auto=webp&amp;s=5bf1dd6d47dcaf5fe21fbdf44cde751b92e5c03f', 'width': 720, 'height': 1280}, 'resolutions': [{'url': 'https://external-preview.redd.it/qEILaRuZ_eCyktWonDHG6ZiaQ8YmNSXipWSHq4vjTTo.png?width=108&amp;crop=smart&amp;format=pjpg&amp;auto=webp&amp;s=e0d069eed6834b824963a5abbdc7eb8dfcaebb60', 'width': 108, 'height': 192}, {'url': 'https://external-preview.redd.it/qEILaRuZ_eCyktWonDHG6ZiaQ8YmNSXipWSHq4vjTTo.png?width=216&amp;crop=smart&amp;format=pjpg&amp;auto=webp&amp;s=b5d5937e53dd117ca4b51c1908d582e34ec54d09', 'width': 216, 'height': 384}, {'url': 'https://external-preview.redd.it/qEILaRuZ_eCyktWonDHG6ZiaQ8YmNSXipWSHq4vjTTo.png?width=320&amp;crop=smart&amp;format=pjpg&amp;auto=webp&amp;s=f326a49886915321c84ecce9cc2522b9518bd640', 'width': 320, 'height': 568}, {'url': 'https://external-preview.redd.it/qEILaRuZ_eCyktWonDHG6ZiaQ8YmNSXipWSHq4vjTTo.png?width=640&amp;crop=smart&amp;format=pjpg&amp;auto=webp&amp;s=a0450a3d26101f2dd7718b00e0697ce09f847c47', 'width': 640, 'height': 1137}], 'variants': {}, 'id': '_GBmuqmS292jn-EMs-XnjXeFyNGuCSINMHU4Ly1EUww'}], 'enabled': False}, 'all_awardings': [{'giver_coin_reward': None, 'subreddit_id': None, 'is_new': False, 'days_of_drip_extension': 0, 'coin_price': 300, 'id': 'award_28e8196b-d4e9-45bc-b612-cd4c7d3ed4b3', 'penny_donate': None, 'award_sub_type': 'GLOBAL', 'coin_reward': 0, 'icon_url': 'https://i.redd.it/award_images/t5_22cerq/94pn64yuas941_RocketLike.png', 'days_of_premium': 0, 'tiers_by_required_awardings': None, 'resized_icons': [{'url': 'https://preview.redd.it/award_images/t5_22cerq/94pn64yuas941_RocketLike.png?width=16&amp;height=16&amp;auto=webp&amp;s=c1400eb6ea235d0c96c3aa6e271c71d7f339cbd4', 'width': 16, 'height': 16}, {'url': 'https://preview.redd.it/award_images/t5_22cerq/94pn64yuas941_RocketLike.png?width=32&amp;height=32&amp;auto=webp&amp;s=77ad345b2f9b062140e028764394594326771a17', 'width': 32, 'height': 32}, {'url': 'https://preview.redd.it/award_images/t5_22cerq/94pn64yuas941_RocketLike.png?width=48&amp;height=48&amp;auto=webp&amp;s=5b5211166e4b260311ad9f3ea31d3b815110769c', 'width': 48, 'height': 48}, {'url': 'https://preview.redd.it/award_images/t5_22cerq/94pn64yuas941_RocketLike.png?width=64&amp;height=64&amp;auto=webp&amp;s=bf3a2c642ad50547087d770c65c29777970d3af3', 'width': 64, 'height': 64}, {'url': 'https://preview.redd.it/award_images/t5_22cerq/94pn64yuas941_RocketLike.png?width=128&amp;height=128&amp;auto=webp&amp;s=eae06d6a70c62c78dc66cb14f2a84651cb822cc4', 'width': 128, 'height': 128}], 'icon_width': 2048, 'static_icon_width': 2048, 'start_date': None, 'is_enabled': True, 'awardings_required_to_grant_benefits': None, 'description': ""When an upvote just isn't enough, smash the Rocket Like."", 'end_date': None, 'subreddit_coin_reward': 0, 'count': 1, 'static_icon_height': 2048, 'name': 'Rocket Like', 'resized_static_icons': [{'url': 'https://preview.redd.it/award_images/t5_22cerq/94pn64yuas941_RocketLike.png?width=16&amp;height=16&amp;auto=webp&amp;s=c1400eb6ea235d0c96c3aa6e271c71d7f339cbd4', 'width': 16, 'height': 16}, {'url': 'https://preview.redd.it/award_images/t5_22cerq/94pn64yuas941_RocketLike.png?width=32&amp;height=32&amp;auto=webp&amp;s=77ad345b2f9b062140e028764394594326771a17', 'width': 32, 'height': 32}, {'url': 'https://preview.redd.it/award_images/t5_22cerq/94pn64yuas941_RocketLike.png?width=48&amp;height=48&amp;auto=webp&amp;s=5b5211166e4b260311ad9f3ea31d3b815110769c', 'width': 48, 'height': 48}, {'url': 'https://preview.redd.it/award_images/t5_22cerq/94pn64yuas941_RocketLike.png?width=64&amp;height=64&amp;auto=webp&amp;s=bf3a2c642ad50547087d770c65c29777970d3af3', 'width': 64, 'height': 64}, {'url': 'https://preview.redd.it/award_images/t5_22cerq/94pn64yuas941_RocketLike.png?width=128&amp;height=128&amp;auto=webp&amp;s=eae06d6a70c62c78dc66cb14f2a84651cb822cc4', 'width': 128, 'height': 128}], 'icon_format': None, 'icon_height': 2048, 'penny_price': None, 'award_type': 'global', 'static_icon_url': 'https://i.redd.it/award_images/t5_22cerq/94pn64yuas941_RocketLike.png'}], 'awarders': [], 'media_only': False, 'can_gild': False, 'spoiler': False, 'locked': False, 'author_flair_text': None, 'treatment_tags': [], 'visited': False, 'removed_by': None, 'num_reports': None, 'distinguished': None, 'subreddit_id': 't5_2qhft', 'mod_reason_by': None, 'removal_reason': None, 'link_flair_background_color': '', 'id': 'k0v3lp', 'is_robot_indexable': True, 'report_reasons': None, 'author': 'Lonelyjellifish', 'discussion_type': None, 'num_comments': 15, 'send_replies': True, 'whitelist_status': 'all_ads', 'contest_mode': False, 'mod_reports': [], 'author_patreon_flair': False, 'author_flair_text_color': None, 'permalink': '/r/alaska/comments/k0v3lp/alaskans_surfing_the_bore_tide_along_the_seward/', 'parent_whitelist_status': 'all_ads', 'stickied': False, 'url': 'https://v.redd.it/vemflkcpve161', 'subreddit_subscribers': 40868, 'created_utc': 1606321118.0, 'num_crossposts': 2, 'media': {'reddit_video': {'bitrate_kbps': 4800, 'fallback_url': 'https://v.redd.it/vemflkcpve161/DASH_1080.mp4?source=fallback', 'height': 1080, 'width': 607, 'scrubber_media_url': 'https://v.redd.it/vemflkcpve161/DASH_96.mp4', 'dash_url': 'https://v.redd.it/vemflkcpve161/DASHPlaylist.mpd?a=1608966980%2CMWEyZmEyODA1ODA5OWFiNTQ5MWNmMDg1NWExOTUwOTg0OTcyNmY3ZGIwZmRlN2RhMWM3MTQ5ZTllZWU5MmQzOA%3D%3D&amp;v=1&amp;f=sd', 'duration': 10, 'hls_url': 'https://v.redd.it/vemflkcpve161/HLSPlaylist.m3u8?a=1608966980%2CNWYxMzBjZGRhZGM4NDdlOGE2NWU0MWIxOWQwMTQwNmZkNzc0ZjI1YzMxYzZhNjM1YmYxMzRiZDQ0ZGMyZDk5ZA%3D%3D&amp;v=1&amp;f=sd', 'is_gif': False, 'transcoding_status': 'completed'}}, 'is_video': True}]",t3_k0v3lp,,,,
,surfing,,t2_ft2odin,False,,0,False,Hope your Wednesday is going better than mine,[],r/surfing,False,6,,0,,,False,t3_k0xi8a,False,dark,0.81,,public,10,1,{},,4084b39e-fc64-11e0-b5b2-12313d096aae,False,[],,False,False,,{},,False,10,,False,nsfw,False,,[],{'gid_1': 1},,False,,1606356998.0,text,3,,,text,reddit.com,False,,,,,,False,False,False,False,True,"[{'giver_coin_reward': None, 'subreddit_id': None, 'is_new': False, 'days_of_drip_extension': 0, 'coin_price': 100, 'id': 'gid_1', 'penny_donate': None, 'award_sub_type': 'GLOBAL', 'coin_reward': 0, 'icon_url': 'https://www.redditstatic.com/gold/awards/icon/silver_512.png', 'days_of_premium': 0, 'tiers_by_required_awardings': None, 'resized_icons': [{'url': 'https://www.redditstatic.com/gold/awards/icon/silver_16.png', 'width': 16, 'height': 16}, {'url': 'https://www.redditstatic.com/gold/awards/icon/silver_32.png', 'width': 32, 'height': 32}, {'url': 'https://www.redditstatic.com/gold/awards/icon/silver_48.png', 'width': 48, 'height': 48}, {'url': 'https://www.redditstatic.com/gold/awards/icon/silver_64.png', 'width': 64, 'height': 64}, {'url': 'https://www.redditstatic.com/gold/awards/icon/silver_128.png', 'width': 128, 'height': 128}], 'icon_width': 512, 'static_icon_width': 512, 'start_date': None, 'is_enabled': True, 'awardings_required_to_grant_benefits': None, 'description': ""Shows the Silver Award... and that's it."", 'end_date': None, 'subreddit_coin_reward': 0, 'count': 1, 'static_icon_height': 512, 'name': 'Silver', 'resized_static_icons': [{'url': 'https://www.redditstatic.com/gold/awards/icon/silver_16.png', 'width': 16, 'height': 16}, {'url': 'https://www.redditstatic.com/gold/awards/icon/silver_32.png', 'width': 32, 'height': 32}, {'url': 'https://www.redditstatic.com/gold/awards/icon/silver_48.png', 'width': 48, 'height': 48}, {'url': 'https://www.redditstatic.com/gold/awards/icon/silver_64.png', 'width': 64, 'height': 64}, {'url': 'https://www.redditstatic.com/gold/awards/icon/silver_128.png', 'width': 128, 'height': 128}], 'icon_format': None, 'icon_height': 512, 'penny_price': None, 'award_type': 'global', 'static_icon_url': 'https://www.redditstatic.com/gold/awards/icon/silver_512.png'}]",[],False,False,False,False,Trestles with a side of HB,[],False,,,,t5_2qmde,,,,k0xi8a,True,,KvassAndHardBass,,17,True,promo_adult_nsfw,False,[],False,dark,/r/surfing/comments/k0xi8a/hope_your_wednesday_is_going_better_than_mine/,all_ads,False,https://www.reddit.com/gallery/k0xi8a,98983,1606328198.0,0,,False,,https://www.reddit.com/gallery/k0xi8a,,,,,True,"{'q1lum39xgf161': {'status': 'valid', 'e': 'Image', 'm': 'image/jpg', 'o': [{'y': 3088, 'x': 2316, 'u': 'https://preview.redd.it/q1lum39xgf161.jpg?width=1080&amp;blur=40&amp;format=pjpg&amp;auto=webp&amp;s=cc102e576396d623e67220fe2a509e489e561b75'}], 'p': [{'y': 144, 'x': 108, 'u': 'https://preview.redd.it/q1lum39xgf161.jpg?width=108&amp;crop=smart&amp;auto=webp&amp;s=478e17c74f35a1727f71ff43687b7936d348a5b8'}, {'y': 288, 'x': 216, 'u': 'https://preview.redd.it/q1lum39xgf161.jpg?width=216&amp;crop=smart&amp;auto=webp&amp;s=70a163076d17202ac6fbae57495f2b921b323c27'}, {'y': 426, 'x': 320, 'u': 'https://preview.redd.it/q1lum39xgf161.jpg?width=320&amp;crop=smart&amp;auto=webp&amp;s=a40cb87e1ca0ff63c1e689d544dab8bfdc51938d'}, {'y': 853, 'x': 640, 'u': 'https://preview.redd.it/q1lum39xgf161.jpg?width=640&amp;crop=smart&amp;auto=webp&amp;s=21a5e2bd1d5fdcb87451dd3d64892b1cd939df4d'}, {'y': 1280, 'x': 960, 'u': 'https://preview.redd.it/q1lum39xgf161.jpg?width=960&amp;crop=smart&amp;auto=webp&amp;s=c827099e07e970e3d6796b2a9f2e0c2c6a3bdbe7'}, {'y': 1440, 'x': 1080, 'u': 'https://preview.redd.it/q1lum39xgf161.jpg?width=1080&amp;crop=smart&amp;auto=webp&amp;s=c81dcef6077450aa896d8b66382041de37939b92'}], 's': {'y': 3088, 'x': 2316, 'u': 'https://preview.redd.it/q1lum39xgf161.jpg?width=2316&amp;format=pjpg&amp;auto=webp&amp;s=c01aa43f235b8d64c37d025dbe2823f346e53b81'}, 'id': 'q1lum39xgf161'}, '2bdu659xgf161': {'status': 'valid', 'e': 'Image', 'm': 'image/jpg', 'o': [{'y': 3088, 'x': 2316, 'u': 'https://preview.redd.it/2bdu659xgf161.jpg?width=1080&amp;blur=40&amp;format=pjpg&amp;auto=webp&amp;s=8a49b453dd4c8da1028261f5b1b65985977d4d1d'}], 'p': [{'y': 144, 'x': 108, 'u': 'https://preview.redd.it/2bdu659xgf161.jpg?width=108&amp;crop=smart&amp;auto=webp&amp;s=7cd1fe608ab9c2e32eb77e9533b71add6a2c95d3'}, {'y': 288, 'x': 216, 'u': 'https://preview.redd.it/2bdu659xgf161.jpg?width=216&amp;crop=smart&amp;auto=webp&amp;s=5708dc49f4bfcb129a0b6631dbeeac2caa9e3e64'}, {'y': 426, 'x': 320, 'u': 'https://preview.redd.it/2bdu659xgf161.jpg?width=320&amp;crop=smart&amp;auto=webp&amp;s=cbbf40ca9216cd1d2e759efe313960729b0207ff'}, {'y': 853, 'x': 640, 'u': 'https://preview.redd.it/2bdu659xgf161.jpg?width=640&amp;crop=smart&amp;auto=webp&amp;s=cd9aa1072ce8c854a545a83e6baabfb84630fe16'}, {'y': 1280, 'x': 960, 'u': 'https://preview.redd.it/2bdu659xgf161.jpg?width=960&amp;crop=smart&amp;auto=webp&amp;s=32de6e891cd7a023311b90e6a006f100b6c92dcb'}, {'y': 1440, 'x': 1080, 'u': 'https://preview.redd.it/2bdu659xgf161.jpg?width=1080&amp;crop=smart&amp;auto=webp&amp;s=647fbbaa439ddb8a4bb37eb82441e55184bc03af'}], 's': {'y': 3088, 'x': 2316, 'u': 'https://preview.redd.it/2bdu659xgf161.jpg?width=2316&amp;format=pjpg&amp;auto=webp&amp;s=4a8c4359f94334da4abafd99d7b334a8680e2080'}, 'id': '2bdu659xgf161'}}","{'items': [{'media_id': 'q1lum39xgf161', 'id': 14410059}, {'media_id': '2bdu659xgf161', 'id': 14410060}]}",
,surfing,So ive bought a used board and to my dismay it would look like somebody’s glued the fins in. Question is how could I get the suckers out without fucking the board up? short of going back to the shop (plan b),t2_4hz9kxu,False,,0,False,Glued fins?!,[],r/surfing,False,6,,0,,,False,t3_k16qhd,False,dark,1.0,,public,2,0,{},,,False,[],,False,False,,{},,False,2,,False,self,False,,[],{},,True,,1606387277.0,text,6,,,text,self.surfing,False,"&lt;!-- SC_OFF --&gt;&lt;div class=""md""&gt;&lt;p&gt;So ive bought a used board and to my dismay it would look like somebody’s glued the fins in. Question is how could I get the suckers out without fucking the board up? short of going back to the shop (plan b)&lt;/p&gt;
&lt;/div&gt;&lt;!-- SC_ON --&gt;",,,,,False,False,False,False,False,[],[],False,False,False,False,,[],False,,,,t5_2qmde,,,,k16qhd,True,,ritzaskitza,,16,True,all_ads,False,[],False,,/r/surfing/comments/k16qhd/glued_fins/,all_ads,False,https://www.reddit.com/r/surfing/comments/k16qhd/glued_fins/,98983,1606358477.0,0,,False,,,,,,,,,,
,surfing,,t2_8qxvv,False,,0,False,Hanging with a old friend of mine and she pointed out her boyfriend was trying to start a west Michigan surfing youtube page. Thought Reddit could give him some thoughts to make it better. He seems to be on the right path editing wise.,[],r/surfing,False,6,,0,105.0,,True,t3_k19uii,False,dark,1.0,,public,1,0,"{'content': '&lt;iframe width=""600"" height=""338"" src=""https://www.youtube.com/embed/IjFCrg6qOY4?feature=oembed&amp;enablejsapi=1"" frameborder=""0"" allow=""accelerometer; autoplay; clipboard-write; encrypted-media; gyroscope; picture-in-picture"" allowfullscreen&gt;&lt;/iframe&gt;', 'width': 600, 'scrolling': False, 'height': 338}",140.0,,False,[],"{'type': 'youtube.com', 'oembed': {'provider_url': 'https://www.youtube.com/', 'version': '1.0', 'title': 'EPIC BARRELTON SESSION &amp; STORY TIME WITH CHILL', 'type': 'video', 'thumbnail_width': 480, 'height': 338, 'width': 600, 'html': '&lt;iframe width=""600"" height=""338"" src=""https://www.youtube.com/embed/IjFCrg6qOY4?feature=oembed&amp;enablejsapi=1"" frameborder=""0"" allow=""accelerometer; autoplay; clipboard-write; encrypted-media; gyroscope; picture-in-picture"" allowfullscreen&gt;&lt;/iframe&gt;', 'author_name': 'CHill Adventures', 'provider_name': 'YouTube', 'thumbnail_url': 'https://i.ytimg.com/vi/IjFCrg6qOY4/hqdefault.jpg', 'thumbnail_height': 360, 'author_url': 'https://www.youtube.com/channel/UCc3xTmgHST08YSMGNpBi3IQ'}}",False,False,,"{'content': '&lt;iframe width=""600"" height=""338"" src=""https://www.youtube.com/embed/IjFCrg6qOY4?feature=oembed&amp;enablejsapi=1"" frameborder=""0"" allow=""accelerometer; autoplay; clipboard-write; encrypted-media; gyroscope; picture-in-picture"" allowfullscreen&gt;&lt;/iframe&gt;', 'width': 600, 'scrolling': False, 'media_domain_url': 'https://www.redditmedia.com/mediaembed/k19uii', 'height': 338}",,False,1,,False,https://b.thumbs.redditmedia.com/CcV9UZvumvfCEko0Xbkofo9S5JlqGMubBm1Aldoj9bo.jpg,False,,[],{},,False,,1606400125.0,text,6,,,text,youtube.com,False,,,,,,False,True,False,False,False,[],[],False,False,False,False,,[],False,,,,t5_2qmde,,,,k19uii,True,,BluePocket,,1,True,all_ads,False,[],False,,/r/surfing/comments/k19uii/hanging_with_a_old_friend_of_mine_and_she_pointed/,all_ads,False,https://www.youtube.com/watch?v=IjFCrg6qOY4,98983,1606371325.0,0,"{'type': 'youtube.com', 'oembed': {'provider_url': 'https://www.youtube.com/', 'version': '1.0', 'title': 'EPIC BARRELTON SESSION &amp; STORY TIME WITH CHILL', 'type': 'video', 'thumbnail_width': 480, 'height': 338, 'width': 600, 'html': '&lt;iframe width=""600"" height=""338"" src=""https://www.youtube.com/embed/IjFCrg6qOY4?feature=oembed&amp;enablejsapi=1"" frameborder=""0"" allow=""accelerometer; autoplay; clipboard-write; encrypted-media; gyroscope; picture-in-picture"" allowfullscreen&gt;&lt;/iframe&gt;', 'author_name': 'CHill Adventures', 'provider_name': 'YouTube', 'thumbnail_url': 'https://i.ytimg.com/vi/IjFCrg6qOY4/hqdefault.jpg', 'thumbnail_height': 360, 'author_url': 'https://www.youtube.com/channel/UCc3xTmgHST08YSMGNpBi3IQ'}}",False,rich:video,https://www.youtube.com/watch?v=IjFCrg6qOY4,"{'images': [{'source': {'url': 'https://external-preview.redd.it/MJahgxyFur1-ss6wFshtkkHxkkXJ48oTfecaHTHtmvE.jpg?auto=webp&amp;s=44d2d4c7b82dfae0a12b3c1faad60774865ac11a', 'width': 480, 'height': 360}, 'resolutions': [{'url': 'https://external-preview.redd.it/MJahgxyFur1-ss6wFshtkkHxkkXJ48oTfecaHTHtmvE.jpg?width=108&amp;crop=smart&amp;auto=webp&amp;s=d38db651a636500232749b7ee83770bd089e8a50', 'width': 108, 'height': 81}, {'url': 'https://external-preview.redd.it/MJahgxyFur1-ss6wFshtkkHxkkXJ48oTfecaHTHtmvE.jpg?width=216&amp;crop=smart&amp;auto=webp&amp;s=29cc36c05a17355d7ee929c8e6045a04c3f194f0', 'width': 216, 'height': 162}, {'url': 'https://external-preview.redd.it/MJahgxyFur1-ss6wFshtkkHxkkXJ48oTfecaHTHtmvE.jpg?width=320&amp;crop=smart&amp;auto=webp&amp;s=7c622bfa04006acc534369258aa96845180220c3', 'width': 320, 'height': 240}], 'variants': {}, 'id': 'eMK2EiQfI5DXOUgYUHkfcz3U84AAl9c8TnDqLC7pqsQ'}], 'enabled': False}",,,,,,,
,surfing,,t2_126yf3,False,,0,False,7 meter and 12 second swell in the Northsea. Waves were not at all what I expected though...,[],r/surfing,False,6,,0,105.0,,False,t3_k0rhm3,False,dark,0.97,,public,24,0,"{'content': '&lt;iframe width=""600"" height=""338"" src=""https://www.youtube.com/embed/Zea8HlIiBhc?feature=oembed&amp;enablejsapi=1"" frameborder=""0"" allow=""accelerometer; autoplay; clipboard-write; encrypted-media; gyroscope; picture-in-picture"" allowfullscreen&gt;&lt;/iframe&gt;', 'width': 600, 'scrolling': False, 'height': 338}",140.0,,False,[],"{'type': 'youtube.com', 'oembed': {'provider_url': 'https://www.youtube.com/', 'version': '1.0', 'title': 'EPIC FRIDAY: Scheveningen on fire! Best surf in Scheveningen in a long time?!', 'type': 'video', 'thumbnail_width': 480, 'height': 338, 'width': 600, 'html': '&lt;iframe width=""600"" height=""338"" src=""https://www.youtube.com/embed/Zea8HlIiBhc?feature=oembed&amp;enablejsapi=1"" frameborder=""0"" allow=""accelerometer; autoplay; clipboard-write; encrypted-media; gyroscope; picture-in-picture"" allowfullscreen&gt;&lt;/iframe&gt;', 'author_name': 'I Am Pepijn', 'provider_name': 'YouTube', 'thumbnail_url': 'https://i.ytimg.com/vi/Zea8HlIiBhc/hqdefault.jpg', 'thumbnail_height': 360, 'author_url': 'https://www.youtube.com/channel/UCVzQXdeCqMPf6aHyGSz-PHQ'}}",False,False,,"{'content': '&lt;iframe width=""600"" height=""338"" src=""https://www.youtube.com/embed/Zea8HlIiBhc?feature=oembed&amp;enablejsapi=1"" frameborder=""0"" allow=""accelerometer; autoplay; clipboard-write; encrypted-media; gyroscope; picture-in-picture"" allowfullscreen&gt;&lt;/iframe&gt;', 'width': 600, 'scrolling': False, 'media_domain_url': 'https://www.redditmedia.com/mediaembed/k0rhm3', 'height': 338}",,False,24,,False,https://b.thumbs.redditmedia.com/7SKjnDv4r_g1MQYrPTew63i6GKx6mbeM_te3EhBHLUA.jpg,False,,[],{},,False,,1606336905.0,text,6,,,text,youtu.be,False,,,,,,False,False,False,False,False,[],[],False,False,False,False,,[],False,,,,t5_2qmde,,,,k0rhm3,True,,pepjine,,18,True,all_ads,False,[],False,,/r/surfing/comments/k0rhm3/7_meter_and_12_second_swell_in_the_northsea_waves/,all_ads,False,https://youtu.be/Zea8HlIiBhc,98983,1606308105.0,0,"{'type': 'youtube.com', 'oembed': {'provider_url': 'https://www.youtube.com/', 'version': '1.0', 'title': 'EPIC FRIDAY: Scheveningen on fire! Best surf in Scheveningen in a long time?!', 'type': 'video', 'thumbnail_width': 480, 'height': 338, 'width': 600, 'html': '&lt;iframe width=""600"" height=""338"" src=""https://www.youtube.com/embed/Zea8HlIiBhc?feature=oembed&amp;enablejsapi=1"" frameborder=""0"" allow=""accelerometer; autoplay; clipboard-write; encrypted-media; gyroscope; picture-in-picture"" allowfullscreen&gt;&lt;/iframe&gt;', 'author_name': 'I Am Pepijn', 'provider_name': 'YouTube', 'thumbnail_url': 'https://i.ytimg.com/vi/Zea8HlIiBhc/hqdefault.jpg', 'thumbnail_height': 360, 'author_url': 'https://www.youtube.com/channel/UCVzQXdeCqMPf6aHyGSz-PHQ'}}",False,rich:video,https://youtu.be/Zea8HlIiBhc,"{'images': [{'source': {'url': 'https://external-preview.redd.it/dOD5-WUBO4TXw6megJ2EXLZ58HZev6z3QOpqP3cYpjM.jpg?auto=webp&amp;s=a570395ad50e8a7a23bbcaaf996f0b1e45dd694b', 'width': 480, 'height': 360}, 'resolutions': [{'url': 'https://external-preview.redd.it/dOD5-WUBO4TXw6megJ2EXLZ58HZev6z3QOpqP3cYpjM.jpg?width=108&amp;crop=smart&amp;auto=webp&amp;s=99e6af93282c6335609519057c85978acf64d2b5', 'width': 108, 'height': 81}, {'url': 'https://external-preview.redd.it/dOD5-WUBO4TXw6megJ2EXLZ58HZev6z3QOpqP3cYpjM.jpg?width=216&amp;crop=smart&amp;auto=webp&amp;s=7683a12148ae6426cec4f088a88120acf225908e', 'width': 216, 'height': 162}, {'url': 'https://external-preview.redd.it/dOD5-WUBO4TXw6megJ2EXLZ58HZev6z3QOpqP3cYpjM.jpg?width=320&amp;crop=smart&amp;auto=webp&amp;s=b9904de81b0b78c3549c60993ba6e3ac7a0e0984', 'width': 320, 'height': 240}], 'variants': {}, 'id': 'eWuFnZEAlgmO0JxOSJd4Mj3X4ayW30xTYPBLAE7aSWc'}], 'enabled': False}",,,,,,,
,surfing,"Does anyone know if it is possible to get a surfboard delivered to Adelaide, Australia? My old man lives in Bali and custom shapes boards are so cheap for him ($400 AUD new). Has anyone done this before or is it even possible?",t2_2ocogrss,False,,0,False,Surfboard Courier Bali to Australia?,[],r/surfing,False,6,,0,,,True,t3_k19i68,False,dark,1.0,,public,1,0,{},,,False,[],,False,False,,{},,False,1,,False,self,False,,[],{},,True,,1606398614.0,text,6,,,text,self.surfing,False,"&lt;!-- SC_OFF --&gt;&lt;div class=""md""&gt;&lt;p&gt;Does anyone know if it is possible to get a surfboard delivered to Adelaide, Australia? My old man lives in Bali and custom shapes boards are so cheap for him ($400 AUD new). Has anyone done this before or is it even possible?&lt;/p&gt;
&lt;/div&gt;&lt;!-- SC_ON --&gt;",,,,,False,True,False,False,False,[],[],False,False,False,False,,[],False,,,,t5_2qmde,,,,k19i68,True,,Flaann,,0,True,all_ads,False,[],False,,/r/surfing/comments/k19i68/surfboard_courier_bali_to_australia/,all_ads,False,https://www.reddit.com/r/surfing/comments/k19i68/surfboard_courier_bali_to_australia/,98983,1606369814.0,0,,False,,,,,,,,,,
,surfing,"Weighing my options

[View Poll](https://www.reddit.com/poll/k18qhc)",t2_79tufs9q,False,,0,False,What is deadlier tommorow?,[],r/surfing,False,6,,0,,,False,t3_k18qhc,False,dark,0.67,,public,1,0,{},,,False,[],,False,False,,{},,False,1,,False,self,False,,[],{},,True,,1606395386.0,text,6,,,text,self.surfing,True,"&lt;!-- SC_OFF --&gt;&lt;div class=""md""&gt;&lt;p&gt;Weighing my options&lt;/p&gt;

&lt;p&gt;&lt;a href=""https://www.reddit.com/poll/k18qhc""&gt;View Poll&lt;/a&gt;&lt;/p&gt;
&lt;/div&gt;&lt;!-- SC_ON --&gt;",,,,,False,True,False,False,False,[],[],False,False,False,False,,[],False,,,,t5_2qmde,,,,k18qhc,True,,love2surf69,,5,True,all_ads,False,[],False,,/r/surfing/comments/k18qhc/what_is_deadlier_tommorow/,all_ads,False,https://www.reddit.com/r/surfing/comments/k18qhc/what_is_deadlier_tommorow/,98983,1606366586.0,0,,False,,,,,,,,,,"{'user_won_amount': None, 'resolved_option_id': None, 'total_vote_count': 38, 'user_selection': None, 'is_prediction': False, 'voting_end_timestamp': 1606625786321, 'options': [{'text': 'Eating dinner with gram gram after hopping off the plane', 'id': '4327328'}, {'text': 'Straightlining offshore Mavs (wavestorm)', 'id': '4327329'}, {'text': 'Bodysurfing Sloat', 'id': '4327330'}, {'text': 'Sitting inside under the ""high performance"" logs at the point during a cleanup set', 'id': '4327331'}, {'text': 'Dropping in on someone @ scotts', 'id': '4327332'}, {'text': 'Swimming the ano channel', 'id': '4327333'}], 'total_stake_amount': None}"
,surfing,,t2_wow5q,False,,0,False,Quiver Complete,[],r/surfing,False,6,,0,105.0,,False,t3_k0kat0,False,dark,0.98,,public,78,0,{},140.0,,False,[],,True,False,,{},,False,78,,False,https://b.thumbs.redditmedia.com/CrqUUqCmtCNit3FUctNKzkQmjXwmH_lNvjjJyf9_Apw.jpg,False,,[],{},,False,,1606303985.0,text,6,,,text,i.redd.it,False,,,,,,False,False,False,False,False,[],[],False,False,False,False,,[],False,,,,t5_2qmde,,,,k0kat0,True,,llamaboy68,,21,True,all_ads,False,[],False,,/r/surfing/comments/k0kat0/quiver_complete/,all_ads,False,https://i.redd.it/jbsacx9a3b161.jpg,98983,1606275185.0,0,,False,image,https://i.redd.it/jbsacx9a3b161.jpg,"{'images': [{'source': {'url': 'https://preview.redd.it/jbsacx9a3b161.jpg?auto=webp&amp;s=873f2b36200a6e1bde5c8aae23682add71f78302', 'width': 4032, 'height': 3024}, 'resolutions': [{'url': 'https://preview.redd.it/jbsacx9a3b161.jpg?width=108&amp;crop=smart&amp;auto=webp&amp;s=d62eb1b7f57b6deb22cbfa0ed1aeace4baa072a2', 'width': 108, 'height': 81}, {'url': 'https://preview.redd.it/jbsacx9a3b161.jpg?width=216&amp;crop=smart&amp;auto=webp&amp;s=1c45d644b73d102d78b604ec6bdf0023e19bed17', 'width': 216, 'height': 162}, {'url': 'https://preview.redd.it/jbsacx9a3b161.jpg?width=320&amp;crop=smart&amp;auto=webp&amp;s=553ab906c804cd140a8f7a2b205cd3352090e0d8', 'width': 320, 'height': 240}, {'url': 'https://preview.redd.it/jbsacx9a3b161.jpg?width=640&amp;crop=smart&amp;auto=webp&amp;s=c72f0b5186881e3996db23b2e2dae5c34e6fea66', 'width': 640, 'height': 480}, {'url': 'https://preview.redd.it/jbsacx9a3b161.jpg?width=960&amp;crop=smart&amp;auto=webp&amp;s=9ed4793ed7ef59e5f8b953b380f2b4dec05f3cb5', 'width': 960, 'height': 720}, {'url': 'https://preview.redd.it/jbsacx9a3b161.jpg?width=1080&amp;crop=smart&amp;auto=webp&amp;s=c0021da937a02b7f2653d5421089ada5b3574168', 'width': 1080, 'height': 810}], 'variants': {}, 'id': 'SZ-5n3TqTN0c9GCAfnnt-twoDC3XTdEPW8ZpkhlflpA'}], 'enabled': True}",,,,,,,
,surfing,,t2_8lvw8,False,,0,False,[OC] San Diego has been fun lately,[],r/surfing,False,6,,0,88.0,,False,t3_k07kpg,False,dark,0.98,,public,403,1,{},140.0,4084b39e-fc64-11e0-b5b2-12313d096aae,False,[],,True,False,,{},,False,403,,False,https://b.thumbs.redditmedia.com/Xf--CC1yZkhKbfrD7a-25Vc7ZR56tSMKNE-zsCvq78M.jpg,False,,[],{},,False,,1606262183.0,text,6,,,text,i.redd.it,False,,,,,,False,False,False,False,False,"[{'giver_coin_reward': None, 'subreddit_id': None, 'is_new': False, 'days_of_drip_extension': 0, 'coin_price': 300, 'id': 'award_28e8196b-d4e9-45bc-b612-cd4c7d3ed4b3', 'penny_donate': None, 'award_sub_type': 'GLOBAL', 'coin_reward': 0, 'icon_url': 'https://i.redd.it/award_images/t5_22cerq/94pn64yuas941_RocketLike.png', 'days_of_premium': 0, 'tiers_by_required_awardings': None, 'resized_icons': [{'url': 'https://preview.redd.it/award_images/t5_22cerq/94pn64yuas941_RocketLike.png?width=16&amp;height=16&amp;auto=webp&amp;s=c1400eb6ea235d0c96c3aa6e271c71d7f339cbd4', 'width': 16, 'height': 16}, {'url': 'https://preview.redd.it/award_images/t5_22cerq/94pn64yuas941_RocketLike.png?width=32&amp;height=32&amp;auto=webp&amp;s=77ad345b2f9b062140e028764394594326771a17', 'width': 32, 'height': 32}, {'url': 'https://preview.redd.it/award_images/t5_22cerq/94pn64yuas941_RocketLike.png?width=48&amp;height=48&amp;auto=webp&amp;s=5b5211166e4b260311ad9f3ea31d3b815110769c', 'width': 48, 'height': 48}, {'url': 'https://preview.redd.it/award_images/t5_22cerq/94pn64yuas941_RocketLike.png?width=64&amp;height=64&amp;auto=webp&amp;s=bf3a2c642ad50547087d770c65c29777970d3af3', 'width': 64, 'height': 64}, {'url': 'https://preview.redd.it/award_images/t5_22cerq/94pn64yuas941_RocketLike.png?width=128&amp;height=128&amp;auto=webp&amp;s=eae06d6a70c62c78dc66cb14f2a84651cb822cc4', 'width': 128, 'height': 128}], 'icon_width': 2048, 'static_icon_width': 2048, 'start_date': None, 'is_enabled': True, 'awardings_required_to_grant_benefits': None, 'description': ""When an upvote just isn't enough, smash the Rocket Like."", 'end_date': None, 'subreddit_coin_reward': 0, 'count': 1, 'static_icon_height': 2048, 'name': 'Rocket Like', 'resized_static_icons': [{'url': 'https://preview.redd.it/award_images/t5_22cerq/94pn64yuas941_RocketLike.png?width=16&amp;height=16&amp;auto=webp&amp;s=c1400eb6ea235d0c96c3aa6e271c71d7f339cbd4', 'width': 16, 'height': 16}, {'url': 'https://preview.redd.it/award_images/t5_22cerq/94pn64yuas941_RocketLike.png?width=32&amp;height=32&amp;auto=webp&amp;s=77ad345b2f9b062140e028764394594326771a17', 'width': 32, 'height': 32}, {'url': 'https://preview.redd.it/award_images/t5_22cerq/94pn64yuas941_RocketLike.png?width=48&amp;height=48&amp;auto=webp&amp;s=5b5211166e4b260311ad9f3ea31d3b815110769c', 'width': 48, 'height': 48}, {'url': 'https://preview.redd.it/award_images/t5_22cerq/94pn64yuas941_RocketLike.png?width=64&amp;height=64&amp;auto=webp&amp;s=bf3a2c642ad50547087d770c65c29777970d3af3', 'width': 64, 'height': 64}, {'url': 'https://preview.redd.it/award_images/t5_22cerq/94pn64yuas941_RocketLike.png?width=128&amp;height=128&amp;auto=webp&amp;s=eae06d6a70c62c78dc66cb14f2a84651cb822cc4', 'width': 128, 'height': 128}], 'icon_format': None, 'icon_height': 2048, 'penny_price': None, 'award_type': 'global', 'static_icon_url': 'https://i.redd.it/award_images/t5_22cerq/94pn64yuas941_RocketLike.png'}]",[],False,False,False,False,"5'7"" Neckbeard 2",[],False,,,,t5_2qmde,,,,k07kpg,True,,ssschillings,,55,True,all_ads,False,[],False,dark,/r/surfing/comments/k07kpg/oc_san_diego_has_been_fun_lately/,all_ads,False,https://i.redd.it/42qgvwkzm7161.jpg,98983,1606233383.0,0,,False,image,https://i.redd.it/42qgvwkzm7161.jpg,"{'images': [{'source': {'url': 'https://preview.redd.it/42qgvwkzm7161.jpg?auto=webp&amp;s=c2288625cda6bc7b665ef9fbe2bacd97fdd0ef80', 'width': 4369, 'height': 2761}, 'resolutions': [{'url': 'https://preview.redd.it/42qgvwkzm7161.jpg?width=108&amp;crop=smart&amp;auto=webp&amp;s=1bb303db63d49e141ba089668f4ff537d5ef8fc8', 'width': 108, 'height': 68}, {'url': 'https://preview.redd.it/42qgvwkzm7161.jpg?width=216&amp;crop=smart&amp;auto=webp&amp;s=2dc950dae30af24762fda88930c555ab4f880bd4', 'width': 216, 'height': 136}, {'url': 'https://preview.redd.it/42qgvwkzm7161.jpg?width=320&amp;crop=smart&amp;auto=webp&amp;s=661ea477fe989922184d9baf8ed00c11e4f1c5de', 'width': 320, 'height': 202}, {'url': 'https://preview.redd.it/42qgvwkzm7161.jpg?width=640&amp;crop=smart&amp;auto=webp&amp;s=974f2a6fe6dc32bdd2581ce79b1ee084bc903445', 'width': 640, 'height': 404}, {'url': 'https://preview.redd.it/42qgvwkzm7161.jpg?width=960&amp;crop=smart&amp;auto=webp&amp;s=618c29c0b8a063d0d9ea5c262612e363dfaac52a', 'width': 960, 'height': 606}, {'url': 'https://preview.redd.it/42qgvwkzm7161.jpg?width=1080&amp;crop=smart&amp;auto=webp&amp;s=ba0a3355c7377c3572953af0f15fb58afb418c7d', 'width': 1080, 'height': 682}], 'variants': {}, 'id': 'ZJxl3Q1VRDPr_SZmQUV8FW9iAEV1VlN2DszlS4DZl38'}], 'enabled': True}",,,,,,,
,surfing,"Hi guys buying my first shortboard a 33L 5'9 hybrid. It has no fins and has the futures set up. I am preety bad at surfing just trying to do my first turns kinda level.

Is it a bad idea to buy the replica fins like these

[https://www.ebay.co.uk/itm/Futures-set-of-3-Thruster-set-Surfboard-surf-fins-Orange-Honeycomb-surfing-fin/133479621651?hash=item1f14016413:g:cdQAAOSwvn5fIsTv](https://www.ebay.co.uk/itm/Futures-set-of-3-Thruster-set-Surfboard-surf-fins-Orange-Honeycomb-surfing-fin/133479621651?hash=item1f14016413:g:cdQAAOSwvn5fIsTv)

Or for the same price can get genuine thermotech ones but they are plastic right? Cheap knockoff honeycomb ones vs genuine thermotech ones vs more expensive genuine carbon/honeycomb fins :(  
What is the best bet?",t2_2fc3vbta,False,,0,False,Fin advice,[],r/surfing,False,6,,0,,,False,t3_k13s8d,False,dark,0.5,,public,0,0,{},,,False,[],,False,False,,{},,False,0,,False,self,False,,[],{},,True,,1606376166.0,text,6,,,text,self.surfing,False,"&lt;!-- SC_OFF --&gt;&lt;div class=""md""&gt;&lt;p&gt;Hi guys buying my first shortboard a 33L 5&amp;#39;9 hybrid. It has no fins and has the futures set up. I am preety bad at surfing just trying to do my first turns kinda level.&lt;/p&gt;

&lt;p&gt;Is it a bad idea to buy the replica fins like these&lt;/p&gt;

&lt;p&gt;&lt;a href=""https://www.ebay.co.uk/itm/Futures-set-of-3-Thruster-set-Surfboard-surf-fins-Orange-Honeycomb-surfing-fin/133479621651?hash=item1f14016413:g:cdQAAOSwvn5fIsTv""&gt;https://www.ebay.co.uk/itm/Futures-set-of-3-Thruster-set-Surfboard-surf-fins-Orange-Honeycomb-surfing-fin/133479621651?hash=item1f14016413:g:cdQAAOSwvn5fIsTv&lt;/a&gt;&lt;/p&gt;

&lt;p&gt;Or for the same price can get genuine thermotech ones but they are plastic right? Cheap knockoff honeycomb ones vs genuine thermotech ones vs more expensive genuine carbon/honeycomb fins :(&lt;br/&gt;
What is the best bet?&lt;/p&gt;
&lt;/div&gt;&lt;!-- SC_ON --&gt;",,,,,False,True,False,False,False,[],[],False,False,False,False,,[],False,,,,t5_2qmde,,,,k13s8d,True,,uhavepoo_on_ur_face,,4,True,all_ads,False,[],False,,/r/surfing/comments/k13s8d/fin_advice/,all_ads,False,https://www.reddit.com/r/surfing/comments/k13s8d/fin_advice/,98983,1606347366.0,0,,False,self,,"{'images': [{'source': {'url': 'https://external-preview.redd.it/F4T8ATMPgRFYpMFpHgFAacdfS79VufjyglnUhXsPa9o.jpg?auto=webp&amp;s=6f642abb02d066bd1dde86a211955a461d6462ef', 'width': 299, 'height': 400}, 'resolutions': [{'url': 'https://external-preview.redd.it/F4T8ATMPgRFYpMFpHgFAacdfS79VufjyglnUhXsPa9o.jpg?width=108&amp;crop=smart&amp;auto=webp&amp;s=bab1909d58f71940561d772f04d63ae86ffa3c4a', 'width': 108, 'height': 144}, {'url': 'https://external-preview.redd.it/F4T8ATMPgRFYpMFpHgFAacdfS79VufjyglnUhXsPa9o.jpg?width=216&amp;crop=smart&amp;auto=webp&amp;s=a43fc824ed9c5033682ca0c0782321501d028418', 'width': 216, 'height': 288}], 'variants': {}, 'id': '2vFNMJ19ZECIG0BS-9fVkJdgbTUqHmy51HKhpU3wAPg'}], 'enabled': False}",,,,,,,
,surfing,,t2_5yx9d,False,,0,False,Made a Mini Simmons from foam scraps and reclaimed timber,[],r/surfing,False,6,,0,140.0,,False,t3_k0eux9,False,dark,1.0,,public,96,0,{},140.0,,False,[],,True,False,,{},,False,96,,False,https://a.thumbs.redditmedia.com/DN6Ll9wP-jQXbhmP1RBRZYUZyBqdUa6_n-ZsQk1h3M8.jpg,False,,[],{},,False,,1606284196.0,text,6,,,text,i.redd.it,False,,,,,,False,False,False,False,False,[],[],False,False,False,False,,[],False,,,,t5_2qmde,,,,k0eux9,True,,Boony52,,14,True,all_ads,False,[],False,,/r/surfing/comments/k0eux9/made_a_mini_simmons_from_foam_scraps_and/,all_ads,False,https://i.redd.it/efuqpq10g9161.jpg,98983,1606255396.0,0,,False,image,https://i.redd.it/efuqpq10g9161.jpg,"{'images': [{'source': {'url': 'https://preview.redd.it/efuqpq10g9161.jpg?auto=webp&amp;s=b7cbfbd4f18c3027fd636a55f9a2d9cc1d477f8b', 'width': 3456, 'height': 4608}, 'resolutions': [{'url': 'https://preview.redd.it/efuqpq10g9161.jpg?width=108&amp;crop=smart&amp;auto=webp&amp;s=360e93c448ef89fd517ecec768a11c9af661e943', 'width': 108, 'height': 144}, {'url': 'https://preview.redd.it/efuqpq10g9161.jpg?width=216&amp;crop=smart&amp;auto=webp&amp;s=b4d7fac2fef85da9ba89dc188c5dc9707e6f64ae', 'width': 216, 'height': 288}, {'url': 'https://preview.redd.it/efuqpq10g9161.jpg?width=320&amp;crop=smart&amp;auto=webp&amp;s=c74b83ecaa409d51ce23d4b58c113fa42e7bf90a', 'width': 320, 'height': 426}, {'url': 'https://preview.redd.it/efuqpq10g9161.jpg?width=640&amp;crop=smart&amp;auto=webp&amp;s=53c1094e6465d95ea83063514459b55eafd9ecdc', 'width': 640, 'height': 853}, {'url': 'https://preview.redd.it/efuqpq10g9161.jpg?width=960&amp;crop=smart&amp;auto=webp&amp;s=76515fe6704870a6d7e872b5c5563967c8dd7c9b', 'width': 960, 'height': 1280}, {'url': 'https://preview.redd.it/efuqpq10g9161.jpg?width=1080&amp;crop=smart&amp;auto=webp&amp;s=25d53163d44d1dd9a39d40a822858a97c12d8390', 'width': 1080, 'height': 1440}], 'variants': {}, 'id': 'GFJWtuuQ9ij0S0yvfMjOcdpZGE3EwfpXkDvcYXb4B-s'}], 'enabled': True}",,,,,,,
,surfing,,t2_3rpc0ttp,False,,0,False,Cross post from Cornwall,[],r/surfing,False,6,,0,140.0,,False,t3_k0on0j,False,dark,0.93,,public,13,0,{},140.0,,False,[],,True,False,,{},,False,13,,False,https://b.thumbs.redditmedia.com/HPILCIinbCVqSbpK1COyF1Il33CGQ8ORirr3uOtAjCU.jpg,False,,[],{},,False,,1606323212.0,text,6,,,text,i.redd.it,False,,,,,,False,False,False,False,False,[],[],False,False,False,False,,[],False,,,,t5_2qmde,,,,k0on0j,True,,boredamdhungry,,3,True,all_ads,False,[],False,,/r/surfing/comments/k0on0j/cross_post_from_cornwall/,all_ads,False,https://i.redd.it/ugd6uphunc161.jpg,98983,1606294412.0,0,,False,image,https://i.redd.it/ugd6uphunc161.jpg,"{'images': [{'source': {'url': 'https://preview.redd.it/ugd6uphunc161.jpg?auto=webp&amp;s=5d47e48a03cd4f3540244b3b4bf27c0651ab6c8b', 'width': 3072, 'height': 3840}, 'resolutions': [{'url': 'https://preview.redd.it/ugd6uphunc161.jpg?width=108&amp;crop=smart&amp;auto=webp&amp;s=cca5d178b2f148659ea9867242a302723dedfdb1', 'width': 108, 'height': 135}, {'url': 'https://preview.redd.it/ugd6uphunc161.jpg?width=216&amp;crop=smart&amp;auto=webp&amp;s=ef5d42ba2bf3a52c1fd4da72c65c357e178b6f87', 'width': 216, 'height': 270}, {'url': 'https://preview.redd.it/ugd6uphunc161.jpg?width=320&amp;crop=smart&amp;auto=webp&amp;s=5053b79aee37a149aeb3ad7a90038277a18f09ec', 'width': 320, 'height': 400}, {'url': 'https://preview.redd.it/ugd6uphunc161.jpg?width=640&amp;crop=smart&amp;auto=webp&amp;s=be331397d837b001fd2e1e8e37535173de99821f', 'width': 640, 'height': 800}, {'url': 'https://preview.redd.it/ugd6uphunc161.jpg?width=960&amp;crop=smart&amp;auto=webp&amp;s=5eb0458ae3632caa2d10fda54e417c4a5db57b17', 'width': 960, 'height': 1200}, {'url': 'https://preview.redd.it/ugd6uphunc161.jpg?width=1080&amp;crop=smart&amp;auto=webp&amp;s=3f9afe05f183c43019ef52213caf6700c21a9ed3', 'width': 1080, 'height': 1350}], 'variants': {}, 'id': '58zrqlO_4KbDg5xpnvaT3Vyke5NUR3bU3eTLNw-ZWRc'}], 'enabled': True}",,"[{'approved_at_utc': None, 'subreddit': 'Cornwall', 'selftext': '', 'author_fullname': 't2_c7wf5', 'saved': False, 'mod_reason_title': None, 'gilded': 0, 'clicked': False, 'title': 'Perranporth Beach in November 2020', 'link_flair_richtext': [], 'subreddit_name_prefixed': 'r/Cornwall', 'hidden': False, 'pwls': 6, 'link_flair_css_class': None, 'downs': 0, 'thumbnail_height': 140, 'top_awarded_type': None, 'hide_score': False, 'name': 't3_k0olj9', 'quarantine': False, 'link_flair_text_color': 'dark', 'upvote_ratio': 1.0, 'author_flair_background_color': None, 'subreddit_type': 'public', 'ups': 108, 'total_awards_received': 2, 'media_embed': {}, 'thumbnail_width': 140, 'author_flair_template_id': None, 'is_original_content': False, 'user_reports': [], 'secure_media': None, 'is_reddit_media_domain': True, 'is_meta': False, 'category': None, 'secure_media_embed': {}, 'link_flair_text': None, 'can_mod_post': False, 'score': 108, 'approved_by': None, 'author_premium': False, 'thumbnail': 'https://b.thumbs.redditmedia.com/HPILCIinbCVqSbpK1COyF1Il33CGQ8ORirr3uOtAjCU.jpg', 'edited': False, 'author_flair_css_class': None, 'author_flair_richtext': [], 'gildings': {}, 'post_hint': 'image', 'content_categories': None, 'is_self': False, 'mod_note': None, 'created': 1606323004.0, 'link_flair_type': 'text', 'wls': 6, 'removed_by_category': None, 'banned_by': None, 'author_flair_type': 'text', 'domain': 'i.redd.it', 'allow_live_comments': False, 'selftext_html': None, 'likes': None, 'suggested_sort': None, 'banned_at_utc': None, 'url_overridden_by_dest': 'https://i.redd.it/ugd6uphunc161.jpg', 'view_count': None, 'archived': False, 'no_follow': False, 'is_crosspostable': False, 'pinned': False, 'over_18': False, 'preview': {'images': [{'source': {'url': 'https://preview.redd.it/ugd6uphunc161.jpg?auto=webp&amp;s=5d47e48a03cd4f3540244b3b4bf27c0651ab6c8b', 'width': 3072, 'height': 3840}, 'resolutions': [{'url': 'https://preview.redd.it/ugd6uphunc161.jpg?width=108&amp;crop=smart&amp;auto=webp&amp;s=cca5d178b2f148659ea9867242a302723dedfdb1', 'width': 108, 'height': 135}, {'url': 'https://preview.redd.it/ugd6uphunc161.jpg?width=216&amp;crop=smart&amp;auto=webp&amp;s=ef5d42ba2bf3a52c1fd4da72c65c357e178b6f87', 'width': 216, 'height': 270}, {'url': 'https://preview.redd.it/ugd6uphunc161.jpg?width=320&amp;crop=smart&amp;auto=webp&amp;s=5053b79aee37a149aeb3ad7a90038277a18f09ec', 'width': 320, 'height': 400}, {'url': 'https://preview.redd.it/ugd6uphunc161.jpg?width=640&amp;crop=smart&amp;auto=webp&amp;s=be331397d837b001fd2e1e8e37535173de99821f', 'width': 640, 'height': 800}, {'url': 'https://preview.redd.it/ugd6uphunc161.jpg?width=960&amp;crop=smart&amp;auto=webp&amp;s=5eb0458ae3632caa2d10fda54e417c4a5db57b17', 'width': 960, 'height': 1200}, {'url': 'https://preview.redd.it/ugd6uphunc161.jpg?width=1080&amp;crop=smart&amp;auto=webp&amp;s=3f9afe05f183c43019ef52213caf6700c21a9ed3', 'width': 1080, 'height': 1350}], 'variants': {}, 'id': '58zrqlO_4KbDg5xpnvaT3Vyke5NUR3bU3eTLNw-ZWRc'}], 'enabled': True}, 'all_awardings': [{'giver_coin_reward': None, 'subreddit_id': None, 'is_new': False, 'days_of_drip_extension': 0, 'coin_price': 125, 'id': 'award_5f123e3d-4f48-42f4-9c11-e98b566d5897', 'penny_donate': None, 'award_sub_type': 'GLOBAL', 'coin_reward': 0, 'icon_url': 'https://i.redd.it/award_images/t5_22cerq/5izbv4fn0md41_Wholesome.png', 'days_of_premium': 0, 'tiers_by_required_awardings': None, 'resized_icons': [{'url': 'https://preview.redd.it/award_images/t5_22cerq/5izbv4fn0md41_Wholesome.png?width=16&amp;height=16&amp;auto=webp&amp;s=92932f465d58e4c16b12b6eac4ca07d27e3d11c0', 'width': 16, 'height': 16}, {'url': 'https://preview.redd.it/award_images/t5_22cerq/5izbv4fn0md41_Wholesome.png?width=32&amp;height=32&amp;auto=webp&amp;s=d11484a208d68a318bf9d4fcf371171a1cb6a7ef', 'width': 32, 'height': 32}, {'url': 'https://preview.redd.it/award_images/t5_22cerq/5izbv4fn0md41_Wholesome.png?width=48&amp;height=48&amp;auto=webp&amp;s=febdf28b6f39f7da7eb1365325b85e0bb49a9f63', 'width': 48, 'height': 48}, {'url': 'https://preview.redd.it/award_images/t5_22cerq/5izbv4fn0md41_Wholesome.png?width=64&amp;height=64&amp;auto=webp&amp;s=b4406a2d88bf86fa3dc8a45aacf7e0c7bdccc4fb', 'width': 64, 'height': 64}, {'url': 'https://preview.redd.it/award_images/t5_22cerq/5izbv4fn0md41_Wholesome.png?width=128&amp;height=128&amp;auto=webp&amp;s=19555b13e3e196b62eeb9160d1ac1d1b372dcb0b', 'width': 128, 'height': 128}], 'icon_width': 2048, 'static_icon_width': 2048, 'start_date': None, 'is_enabled': True, 'awardings_required_to_grant_benefits': None, 'description': 'When you come across a feel-good thing.', 'end_date': None, 'subreddit_coin_reward': 0, 'count': 1, 'static_icon_height': 2048, 'name': 'Wholesome', 'resized_static_icons': [{'url': 'https://preview.redd.it/award_images/t5_22cerq/5izbv4fn0md41_Wholesome.png?width=16&amp;height=16&amp;auto=webp&amp;s=92932f465d58e4c16b12b6eac4ca07d27e3d11c0', 'width': 16, 'height': 16}, {'url': 'https://preview.redd.it/award_images/t5_22cerq/5izbv4fn0md41_Wholesome.png?width=32&amp;height=32&amp;auto=webp&amp;s=d11484a208d68a318bf9d4fcf371171a1cb6a7ef', 'width': 32, 'height': 32}, {'url': 'https://preview.redd.it/award_images/t5_22cerq/5izbv4fn0md41_Wholesome.png?width=48&amp;height=48&amp;auto=webp&amp;s=febdf28b6f39f7da7eb1365325b85e0bb49a9f63', 'width': 48, 'height': 48}, {'url': 'https://preview.redd.it/award_images/t5_22cerq/5izbv4fn0md41_Wholesome.png?width=64&amp;height=64&amp;auto=webp&amp;s=b4406a2d88bf86fa3dc8a45aacf7e0c7bdccc4fb', 'width': 64, 'height': 64}, {'url': 'https://preview.redd.it/award_images/t5_22cerq/5izbv4fn0md41_Wholesome.png?width=128&amp;height=128&amp;auto=webp&amp;s=19555b13e3e196b62eeb9160d1ac1d1b372dcb0b', 'width': 128, 'height': 128}], 'icon_format': None, 'icon_height': 2048, 'penny_price': None, 'award_type': 'global', 'static_icon_url': 'https://i.redd.it/award_images/t5_22cerq/5izbv4fn0md41_Wholesome.png'}, {'giver_coin_reward': 0, 'subreddit_id': None, 'is_new': False, 'days_of_drip_extension': 0, 'coin_price': 80, 'id': 'award_8352bdff-3e03-4189-8a08-82501dd8f835', 'penny_donate': 0, 'award_sub_type': 'GLOBAL', 'coin_reward': 0, 'icon_url': 'https://i.redd.it/award_images/t5_22cerq/niiatoknifn51_Hugz.png', 'days_of_premium': 0, 'tiers_by_required_awardings': None, 'resized_icons': [{'url': 'https://preview.redd.it/award_images/t5_22cerq/niiatoknifn51_Hugz.png?width=16&amp;height=16&amp;auto=webp&amp;s=85b1aa61933f163dd2b77b1e78f4d82d9c947ec1', 'width': 16, 'height': 16}, {'url': 'https://preview.redd.it/award_images/t5_22cerq/niiatoknifn51_Hugz.png?width=32&amp;height=32&amp;auto=webp&amp;s=67935636337b07ca5b98d945f4bcdae26e5f567e', 'width': 32, 'height': 32}, {'url': 'https://preview.redd.it/award_images/t5_22cerq/niiatoknifn51_Hugz.png?width=48&amp;height=48&amp;auto=webp&amp;s=547d5fb33f5a4a5d6fc154cbd658638cc2b1c3a0', 'width': 48, 'height': 48}, {'url': 'https://preview.redd.it/award_images/t5_22cerq/niiatoknifn51_Hugz.png?width=64&amp;height=64&amp;auto=webp&amp;s=e17bc331183e7ba194314a34e43b35460a835fff', 'width': 64, 'height': 64}, {'url': 'https://preview.redd.it/award_images/t5_22cerq/niiatoknifn51_Hugz.png?width=128&amp;height=128&amp;auto=webp&amp;s=1b4e617f18af8d4e2c47c2f154d4422be43c809f', 'width': 128, 'height': 128}], 'icon_width': 2048, 'static_icon_width': 2048, 'start_date': None, 'is_enabled': True, 'awardings_required_to_grant_benefits': None, 'description': 'Everything is better with a good hug', 'end_date': None, 'subreddit_coin_reward': 0, 'count': 1, 'static_icon_height': 2048, 'name': 'Hugz', 'resized_static_icons': [{'url': 'https://preview.redd.it/award_images/t5_22cerq/niiatoknifn51_Hugz.png?width=16&amp;height=16&amp;auto=webp&amp;s=85b1aa61933f163dd2b77b1e78f4d82d9c947ec1', 'width': 16, 'height': 16}, {'url': 'https://preview.redd.it/award_images/t5_22cerq/niiatoknifn51_Hugz.png?width=32&amp;height=32&amp;auto=webp&amp;s=67935636337b07ca5b98d945f4bcdae26e5f567e', 'width': 32, 'height': 32}, {'url': 'https://preview.redd.it/award_images/t5_22cerq/niiatoknifn51_Hugz.png?width=48&amp;height=48&amp;auto=webp&amp;s=547d5fb33f5a4a5d6fc154cbd658638cc2b1c3a0', 'width': 48, 'height': 48}, {'url': 'https://preview.redd.it/award_images/t5_22cerq/niiatoknifn51_Hugz.png?width=64&amp;height=64&amp;auto=webp&amp;s=e17bc331183e7ba194314a34e43b35460a835fff', 'width': 64, 'height': 64}, {'url': 'https://preview.redd.it/award_images/t5_22cerq/niiatoknifn51_Hugz.png?width=128&amp;height=128&amp;auto=webp&amp;s=1b4e617f18af8d4e2c47c2f154d4422be43c809f', 'width': 128, 'height': 128}], 'icon_format': 'PNG', 'icon_height': 2048, 'penny_price': 0, 'award_type': 'global', 'static_icon_url': 'https://i.redd.it/award_images/t5_22cerq/niiatoknifn51_Hugz.png'}], 'awarders': [], 'media_only': False, 'can_gild': False, 'spoiler': False, 'locked': False, 'author_flair_text': None, 'treatment_tags': [], 'visited': False, 'removed_by': None, 'num_reports': None, 'distinguished': None, 'subreddit_id': 't5_2r2lk', 'mod_reason_by': None, 'removal_reason': None, 'link_flair_background_color': '', 'id': 'k0olj9', 'is_robot_indexable': True, 'report_reasons': None, 'author': 'Dipplong', 'discussion_type': None, 'num_comments': 5, 'send_replies': True, 'whitelist_status': 'all_ads', 'contest_mode': False, 'mod_reports': [], 'author_patreon_flair': False, 'author_flair_text_color': None, 'permalink': '/r/Cornwall/comments/k0olj9/perranporth_beach_in_november_2020/', 'parent_whitelist_status': 'all_ads', 'stickied': False, 'url': 'https://i.redd.it/ugd6uphunc161.jpg', 'subreddit_subscribers': 4714, 'created_utc': 1606294204.0, 'num_crossposts': 1, 'media': None, 'is_video': False}]",t3_k0olj9,,,,
,surfing,,t2_nb5fp,False,,0,False,CI buys itself back from Burton,[],r/surfing,False,6,,0,140.0,,False,t3_k0ii70,False,dark,0.98,,public,46,0,{},140.0,,False,[],,False,False,,{},,False,46,,False,https://b.thumbs.redditmedia.com/gCm5INaSWrxlSxnNp5JKLaTPrxch3AVtUI1m3mmlAVw.jpg,False,,[],{},,False,,1606297030.0,text,6,,,text,cisurfboards.com,False,,,,,,False,False,False,False,False,[],[],False,False,False,False,,[],False,,,,t5_2qmde,,,,k0ii70,True,,Low___Tide,,27,True,all_ads,False,[],False,,/r/surfing/comments/k0ii70/ci_buys_itself_back_from_burton/,all_ads,False,https://www.cisurfboards.com/2020/britt-merrick-ci-employees-and-teamriders-take-ownership-of-company/,98983,1606268230.0,0,,False,link,https://www.cisurfboards.com/2020/britt-merrick-ci-employees-and-teamriders-take-ownership-of-company/,"{'images': [{'source': {'url': 'https://external-preview.redd.it/vFx816H5bZLBEM_lpedCvDuVm3TgPWP0gv222-3mmBw.jpg?auto=webp&amp;s=f528ffd80dbfb3ad2cf6514d083b0a7e7ce90bb7', 'width': 700, 'height': 1050}, 'resolutions': [{'url': 'https://external-preview.redd.it/vFx816H5bZLBEM_lpedCvDuVm3TgPWP0gv222-3mmBw.jpg?width=108&amp;crop=smart&amp;auto=webp&amp;s=b4bf39d4392df1be6c3587b01ed5f4383e8606d3', 'width': 108, 'height': 162}, {'url': 'https://external-preview.redd.it/vFx816H5bZLBEM_lpedCvDuVm3TgPWP0gv222-3mmBw.jpg?width=216&amp;crop=smart&amp;auto=webp&amp;s=4456ce2fd79ca90534277fea9c0be5f9528e3b30', 'width': 216, 'height': 324}, {'url': 'https://external-preview.redd.it/vFx816H5bZLBEM_lpedCvDuVm3TgPWP0gv222-3mmBw.jpg?width=320&amp;crop=smart&amp;auto=webp&amp;s=7431d4684435992bb148a8ba46ae611cc461fe04', 'width': 320, 'height': 480}, {'url': 'https://external-preview.redd.it/vFx816H5bZLBEM_lpedCvDuVm3TgPWP0gv222-3mmBw.jpg?width=640&amp;crop=smart&amp;auto=webp&amp;s=35e434c6e1dd59a3628c29f6db28b70733e00eca', 'width': 640, 'height': 960}], 'variants': {}, 'id': '1pfpXSAwvocLp2OuSuND4yHOyiGr41H4ENRN2oqi5CQ'}], 'enabled': False}",,,,,,,
,surfing,"So, I got a free wetsuit but the neck is all stretched out. What’s the best way to tighten it up? Stitching?",t2_18oq2z99,False,,0,False,Wetsuit Neck Repair,[],r/surfing,False,6,,0,,,False,t3_k1276r,False,dark,0.67,,public,1,0,{},,4084b39e-fc64-11e0-b5b2-12313d096aae,False,[],,False,False,,{},,False,1,,False,self,False,,[],{},,True,,1606371181.0,text,6,,,text,self.surfing,False,"&lt;!-- SC_OFF --&gt;&lt;div class=""md""&gt;&lt;p&gt;So, I got a free wetsuit but the neck is all stretched out. What’s the best way to tighten it up? Stitching?&lt;/p&gt;
&lt;/div&gt;&lt;!-- SC_ON --&gt;",,,,,False,True,False,False,False,[],[],False,False,False,False,FL East Coast - 9' Softech Roller ONLY,[],False,,,,t5_2qmde,,,,k1276r,True,,directtodvd,,1,True,all_ads,False,[],False,dark,/r/surfing/comments/k1276r/wetsuit_neck_repair/,all_ads,False,https://www.reddit.com/r/surfing/comments/k1276r/wetsuit_neck_repair/,98983,1606342381.0,0,,False,,,,,,,,,,
,surfing,"Seems like every FB group is just for buying and selling and I really just want to swap boards. I feel like it's a better way of trying out different shapes and styles. Anyone got a recommendation for a group to check out?

[Here's the](https://i.imgur.com/BCJBd6w.jpg)[Board BTW](https://i.imgur.com/Us0hDp3.jpg) [6'3""x19 1/4x 2 1/2](https://i.imgur.com/jdylDyS.jpg) M10 shortboard. Absolutely not a ding on it and only some yellowing. I like the board, but it's too small for me so I can only ride it when it's super steep and at least 4-5. I'm looking for a single fin midlength, a groveler, or a fish. But I'm pretty open to anything. Just want to try out different shapes.",t2_gghiq,False,,0,False,San Diego board swap?,[],r/surfing,False,6,,0,,,False,t3_k11csl,False,dark,0.5,,public,0,0,{},,,False,[],,False,False,,{},,False,0,,False,self,False,,[],{},,True,,1606368627.0,text,6,,,text,self.surfing,False,"&lt;!-- SC_OFF --&gt;&lt;div class=""md""&gt;&lt;p&gt;Seems like every FB group is just for buying and selling and I really just want to swap boards. I feel like it&amp;#39;s a better way of trying out different shapes and styles. Anyone got a recommendation for a group to check out?&lt;/p&gt;

&lt;p&gt;&lt;a href=""https://i.imgur.com/BCJBd6w.jpg""&gt;Here&amp;#39;s the&lt;/a&gt;&lt;a href=""https://i.imgur.com/Us0hDp3.jpg""&gt;Board BTW&lt;/a&gt; &lt;a href=""https://i.imgur.com/jdylDyS.jpg""&gt;6&amp;#39;3&amp;quot;x19 1/4x 2 1/2&lt;/a&gt; M10 shortboard. Absolutely not a ding on it and only some yellowing. I like the board, but it&amp;#39;s too small for me so I can only ride it when it&amp;#39;s super steep and at least 4-5. I&amp;#39;m looking for a single fin midlength, a groveler, or a fish. But I&amp;#39;m pretty open to anything. Just want to try out different shapes.&lt;/p&gt;
&lt;/div&gt;&lt;!-- SC_ON --&gt;",,,,,False,True,False,False,False,[],[],False,False,False,False,,[],False,,,,t5_2qmde,,,,k11csl,True,,DEEP_SEA_MAX,,2,True,all_ads,False,[],False,,/r/surfing/comments/k11csl/san_diego_board_swap/,all_ads,False,https://www.reddit.com/r/surfing/comments/k11csl/san_diego_board_swap/,98983,1606339827.0,0,,False,self,,"{'images': [{'source': {'url': 'https://external-preview.redd.it/51EU6A0CvDIFdvRgj7yzK-bAQzXlT7G6y7rgPUqd8yw.jpg?auto=webp&amp;s=a89610c808daaf8f4597690a0b5421dead282611', 'width': 1836, 'height': 3264}, 'resolutions': [{'url': 'https://external-preview.redd.it/51EU6A0CvDIFdvRgj7yzK-bAQzXlT7G6y7rgPUqd8yw.jpg?width=108&amp;crop=smart&amp;auto=webp&amp;s=5643805e80ab6222084778e4f01bdd3e9df9e83e', 'width': 108, 'height': 192}, {'url': 'https://external-preview.redd.it/51EU6A0CvDIFdvRgj7yzK-bAQzXlT7G6y7rgPUqd8yw.jpg?width=216&amp;crop=smart&amp;auto=webp&amp;s=b3edf0d23a80cee29408358199298a066737d73a', 'width': 216, 'height': 384}, {'url': 'https://external-preview.redd.it/51EU6A0CvDIFdvRgj7yzK-bAQzXlT7G6y7rgPUqd8yw.jpg?width=320&amp;crop=smart&amp;auto=webp&amp;s=160fc72cceb988975f8fad675a7da2e3a7bdff97', 'width': 320, 'height': 568}, {'url': 'https://external-preview.redd.it/51EU6A0CvDIFdvRgj7yzK-bAQzXlT7G6y7rgPUqd8yw.jpg?width=640&amp;crop=smart&amp;auto=webp&amp;s=7170d1bc40c4fe83c51da5532cd5f34836876803', 'width': 640, 'height': 1137}, {'url': 'https://external-preview.redd.it/51EU6A0CvDIFdvRgj7yzK-bAQzXlT7G6y7rgPUqd8yw.jpg?width=960&amp;crop=smart&amp;auto=webp&amp;s=73a142c90ab8840a0a4267cbbcaa1107f8d35a12', 'width': 960, 'height': 1706}, {'url': 'https://external-preview.redd.it/51EU6A0CvDIFdvRgj7yzK-bAQzXlT7G6y7rgPUqd8yw.jpg?width=1080&amp;crop=smart&amp;auto=webp&amp;s=7d7c2cea5add03cd16aa1f1869cb1969345c1993', 'width': 1080, 'height': 1920}], 'variants': {}, 'id': 'aoexOVSb408hb8ba8frk_nTIFWoBEMNcaOQXTwMe3AY'}], 'enabled': False}",,,,,,,
,surfing,"I've been seeing heaps of americans fucken crucifying js for their move into america and i reckon its heaaaaps dog. here in aus we are full of american shapers, any surf shop you walk into is full of Channel Islands, Mayhem, Pyzel, Tokoro etc. and none of us have any issue with it, we welcome it, but as soon as JS move into America its some kind of act of hate against small businesses??? To the point where their store gets fucken vandalised and stuff.  I've lived in aus my whole life and my quiver has a JS and a Merrick in it. Fair fucken go, have some respect.

edit: sorry didnt realise there was a heap of people who havent heard about this, basically JS Industries opened up in america and theyre getting abused by locals and their store got vandalised",t2_uu5l8l,False,,0,False,Whats up with the JS hate over in america??,[],r/surfing,False,6,,0,,,False,t3_k0p1sw,False,dark,0.76,,public,9,0,{},,,False,[],,False,False,,{},,False,9,,False,self,1606337432.0,,[],{},,True,,1606325236.0,text,6,,,text,self.surfing,True,"&lt;!-- SC_OFF --&gt;&lt;div class=""md""&gt;&lt;p&gt;I&amp;#39;ve been seeing heaps of americans fucken crucifying js for their move into america and i reckon its heaaaaps dog. here in aus we are full of american shapers, any surf shop you walk into is full of Channel Islands, Mayhem, Pyzel, Tokoro etc. and none of us have any issue with it, we welcome it, but as soon as JS move into America its some kind of act of hate against small businesses??? To the point where their store gets fucken vandalised and stuff.  I&amp;#39;ve lived in aus my whole life and my quiver has a JS and a Merrick in it. Fair fucken go, have some respect.&lt;/p&gt;

&lt;p&gt;edit: sorry didnt realise there was a heap of people who havent heard about this, basically JS Industries opened up in america and theyre getting abused by locals and their store got vandalised&lt;/p&gt;
&lt;/div&gt;&lt;!-- SC_ON --&gt;",,,,,False,False,False,False,False,[],[],False,False,False,False,,[],False,,,,t5_2qmde,,,,k0p1sw,True,,lukaf17,,31,True,all_ads,False,[],False,,/r/surfing/comments/k0p1sw/whats_up_with_the_js_hate_over_in_america/,all_ads,False,https://www.reddit.com/r/surfing/comments/k0p1sw/whats_up_with_the_js_hate_over_in_america/,98983,1606296436.0,0,,False,,,,,,,,,,
